ply
format ascii 1.0
comment Created by Blender 3.6.5 - www.blender.org
element vertex 2520
property float x
property float y
property float z
property float nx
property float ny
property float nz
property float s
property float t
element face 4604
property list uchar uint vertex_indices
end_header
-1.745088 -0.290013 -0.427011 -0.559032 -0.384558 -0.734574 1.000000 0.000000
-1.784674 -0.232282 -0.427107 -0.559032 -0.384558 -0.734574 0.818182 0.000000
-1.759195 -0.257259 -0.433422 -0.559029 -0.384556 -0.734577 0.909091 0.000000
-1.814700 -0.221775 -0.409758 -0.559032 -0.384558 -0.734573 0.727273 0.000000
-1.746135 -0.321768 -0.409590 -0.559032 -0.384558 -0.734573 0.000000 0.000000
-1.841226 -0.228553 -0.386022 -0.559032 -0.384558 -0.734574 0.636364 0.000000
-1.762053 -0.344016 -0.385829 -0.559032 -0.384559 -0.734573 0.090909 0.000000
-1.857145 -0.250800 -0.362261 -0.559032 -0.384558 -0.734573 0.545455 0.000000
-1.788580 -0.350793 -0.362093 -0.559032 -0.384559 -0.734573 0.181818 0.000000
-1.858191 -0.282555 -0.344840 -0.559032 -0.384559 -0.734573 0.454545 0.000000
-1.818605 -0.340286 -0.344743 -0.559031 -0.384557 -0.734575 0.272727 0.000000
-1.844085 -0.315309 -0.338428 -0.559030 -0.384556 -0.734577 0.363636 0.000000
-2.086339 -0.067274 -0.059389 -0.972081 0.232835 0.029099 0.636364 0.000000
-2.070033 0.000800 -0.059389 -0.972081 0.232836 0.029094 0.818182 0.000000
-2.078451 -0.033173 -0.068763 -0.972081 0.232836 0.029096 0.727273 0.000000
-2.063340 0.025544 -0.033778 -0.972081 0.232835 0.029099 0.909091 0.000000
-2.091582 -0.092365 -0.033778 -0.972081 0.232834 0.029104 0.545455 0.000000
-2.060165 0.034427 0.001207 -0.972081 0.232834 0.029104 1.000000 0.000000
-2.092776 -0.101722 0.001207 -0.972081 0.232834 0.029104 0.454545 0.000000
-2.061359 0.025069 0.036192 -0.972081 0.232834 0.029104 0.000000 0.000000
-2.089601 -0.092839 0.036192 -0.972081 0.232835 0.029099 0.363636 0.000000
-2.066602 -0.000021 0.061803 -0.972081 0.232835 0.029099 0.090909 0.000000
-2.082907 -0.068096 0.061803 -0.972081 0.232836 0.029094 0.272727 0.000000
-2.074489 -0.034122 0.071178 -0.972081 0.232836 0.029096 0.181818 0.000000
-1.992245 0.008301 0.034118 0.220653 0.837777 0.499442 0.005236 1.000000
-2.060165 0.034427 0.001207 0.235770 0.971809 -0.000077 0.000000 0.916667
-2.061359 0.025069 0.036192 0.218384 0.838331 0.499510 0.000000 1.000000
-2.066602 -0.000021 0.061803 0.142522 0.480371 0.865408 0.000000 0.083333
-1.992245 0.008301 0.034118 0.220653 0.837777 0.499442 0.005236 0.000000
-2.061359 0.025069 0.036192 0.218384 0.838331 0.499510 0.000000 0.000000
-2.074489 -0.034122 0.071178 0.028472 -0.006325 0.999575 0.000000 0.166667
-1.997629 -0.016755 0.059733 0.143793 0.480045 0.865379 0.005236 0.083333
-2.082907 -0.068096 0.061803 -0.093234 -0.491434 0.865910 0.000000 0.250000
-2.005708 -0.050809 0.069113 0.028402 -0.006339 0.999577 0.005236 0.166667
-2.089601 -0.092839 0.036192 -0.189968 -0.844888 0.500076 0.000000 0.333333
-2.014318 -0.084736 0.059744 -0.094625 -0.491126 0.865934 0.005236 0.250000
-2.092776 -0.101722 0.001207 -0.235770 -0.971809 0.000096 0.000000 0.416667
-2.021152 -0.109446 0.034138 -0.192306 -0.844334 0.500118 0.005236 0.333333
-2.091582 -0.092365 -0.033778 -0.218340 -0.838102 -0.499913 0.000000 0.500000
-2.024379 -0.118316 -0.000846 -0.238428 -0.971160 0.000155 0.005236 0.416667
-2.017749 -0.083915 -0.061448 -0.143641 -0.479377 -0.865774 0.005236 0.583333
-2.086339 -0.067274 -0.059389 -0.142366 -0.479677 -0.865819 0.000000 0.583333
-2.009669 -0.049861 -0.070828 -0.028187 0.007214 -0.999577 0.005236 0.666667
-2.078451 -0.033173 -0.068763 -0.028245 0.007259 -0.999575 0.000000 0.666667
-2.001059 -0.015934 -0.061459 0.094795 0.491771 -0.865549 0.005236 0.750000
-2.070033 0.000800 -0.059389 0.093419 0.492141 -0.865488 0.000000 0.750000
-1.994225 0.008776 -0.035853 0.192367 0.844541 -0.499745 0.005236 0.833333
-2.063340 0.025544 -0.033778 0.190039 0.845128 -0.499644 0.000000 0.833333
-1.990999 0.017646 -0.000869 0.238426 0.971161 -0.000176 0.005236 0.916667
-1.929632 -0.007253 0.032244 0.224703 0.836769 0.499326 0.010471 1.000000
-1.929632 -0.007253 0.032244 0.224703 0.836769 0.499326 0.010471 0.000000
-1.935150 -0.032276 0.057863 0.145927 0.479475 0.865337 0.010471 0.083333
-1.943403 -0.066287 0.067249 0.028045 -0.006327 0.999587 0.010471 0.166667
-1.952181 -0.100173 0.057885 -0.097374 -0.490517 0.865974 0.010471 0.250000
-1.959131 -0.124853 0.032282 -0.196708 -0.843277 0.500190 0.010471 0.333333
-2.023133 -0.108971 -0.035833 -0.220609 -0.837546 -0.499849 0.005236 0.500000
-1.962391 -0.133715 -0.002701 -0.243304 -0.969950 0.000264 0.010471 0.416667
-1.955570 -0.099361 -0.063308 -0.145791 -0.478885 -0.865687 0.010471 0.583333
-1.947316 -0.065350 -0.072694 -0.027862 0.007057 -0.999587 0.010471 0.666667
-1.938539 -0.031465 -0.063330 0.097510 0.491024 -0.865672 0.010471 0.750000
-1.931589 -0.006784 -0.037727 0.196749 0.843419 -0.499935 0.010471 0.833333
-1.928329 0.002078 -0.002744 0.243298 0.969951 -0.000357 0.010471 0.916667
-1.872816 -0.021643 0.030576 0.227644 0.836019 0.499250 0.015707 1.000000
-1.872816 -0.021643 0.030576 0.227644 0.836019 0.499250 0.015707 0.000000
-1.878453 -0.046636 0.056198 0.147150 0.479109 0.865333 0.015707 0.083333
-1.886850 -0.080611 0.065588 0.027219 -0.006218 0.999610 0.015707 0.166667
-1.895755 -0.114464 0.056228 -0.100024 -0.489941 0.865998 0.015707 0.250000
-1.902783 -0.139125 0.030627 -0.200466 -0.842370 0.500225 0.015707 0.333333
-1.961087 -0.124385 -0.037689 -0.224660 -0.836543 -0.499723 0.010471 0.500000
-1.906051 -0.147985 -0.004355 -0.247166 -0.968973 0.000334 0.015707 0.416667
-1.899046 -0.113678 -0.064968 -0.147036 -0.478626 -0.865620 0.015707 0.583333
-1.890650 -0.079703 -0.074358 -0.027080 0.006759 -0.999610 0.015707 0.666667
-1.881745 -0.045849 -0.064998 0.100113 0.490271 -0.865801 0.015707 0.750000
-1.874717 -0.021189 -0.039397 0.200482 0.842430 -0.500118 0.015707 0.833333
-1.871449 -0.012329 -0.004415 0.247158 0.968975 -0.000513 0.015707 0.916667
-1.821134 -0.034920 0.029115 0.229200 0.835610 0.499223 0.020942 1.000000
-1.821134 -0.034920 0.029115 0.229200 0.835610 0.499223 0.020942 0.000000
-1.826872 -0.059887 0.054740 0.147260 0.479009 0.865370 0.020942 0.083333
-1.835370 -0.093836 0.064133 0.025849 -0.005992 0.999648 0.020942 0.166667
-1.844353 -0.127669 0.054775 -0.102500 -0.489422 0.866002 0.020942 0.250000
-1.851413 -0.152322 0.029175 -0.203377 -0.841677 0.500218 0.020942 0.333333
-1.904684 -0.138671 -0.039346 -0.227602 -0.835805 -0.499627 0.015707 0.500000
-1.854658 -0.161188 -0.005808 -0.249738 -0.968314 0.000357 0.020942 0.416667
-1.847482 -0.126924 -0.066426 -0.147176 -0.478663 -0.865576 0.020942 0.583333
-1.838984 -0.092976 -0.075818 -0.025770 0.006297 -0.999648 0.020942 0.666667
-1.830001 -0.059142 -0.066460 0.102530 0.489535 -0.865935 0.020942 0.750000
-1.822941 -0.034490 -0.040860 0.203364 0.841638 -0.500288 0.020942 0.833333
-1.819696 -0.025624 -0.005877 0.249729 0.968316 -0.000634 0.020942 0.916667
-1.773975 -0.047131 0.027863 0.229094 0.835624 0.499248 0.026178 1.000000
-1.773975 -0.047131 0.027863 0.229094 0.835624 0.499248 0.026178 0.000000
-1.779788 -0.072079 0.053491 0.146059 0.479230 0.865451 0.026178 0.083333
-1.788340 -0.106014 0.062884 0.023871 -0.005631 0.999699 0.026178 0.166667
-1.797339 -0.139843 0.053527 -0.104717 -0.488986 0.865983 0.026178 0.250000
-1.804375 -0.164502 0.027927 -0.205232 -0.841259 0.500163 0.026178 0.333333
-1.853220 -0.151892 -0.040800 -0.229160 -0.835415 -0.499567 0.020942 0.500000
-1.807562 -0.173383 -0.007058 -0.250738 -0.968055 0.000330 0.026178 0.416667
-1.800233 -0.139159 -0.067680 -0.146014 -0.479052 -0.865557 0.026178 0.583333
-1.791681 -0.105224 -0.077074 -0.023864 0.005654 -0.999699 0.026178 0.666667
-1.782682 -0.071395 -0.067716 0.104677 0.488843 -0.866069 0.026178 0.750000
-1.775646 -0.046736 -0.042116 0.205184 0.841106 -0.500440 0.026178 0.833333
-1.772459 -0.037855 -0.007131 0.250729 0.968057 -0.000714 0.026178 0.916667
-1.730777 -0.058324 0.026821 0.227070 0.836130 0.499325 0.031414 1.000000
-1.730777 -0.058324 0.026821 0.227070 0.836130 0.499325 0.031414 0.000000
-1.736635 -0.083260 0.052449 0.143370 0.479822 0.865573 0.031414 0.083333
-1.745182 -0.117196 0.061843 0.021233 -0.005122 0.999761 0.031414 0.166667
-1.754128 -0.151039 0.052484 -0.106586 -0.488658 0.865940 0.031414 0.250000
-1.761076 -0.175721 0.026882 -0.205823 -0.841175 0.500061 0.031414 0.333333
-1.806046 -0.164107 -0.042052 -0.229057 -0.835456 -0.499547 0.026178 0.500000
-1.764164 -0.184627 -0.008105 -0.249900 -0.968272 0.000253 0.031414 0.416667
-1.756707 -0.150437 -0.068730 -0.143369 -0.479839 -0.865563 0.031414 0.583333
-1.748160 -0.116500 -0.078124 -0.021309 0.004821 -0.999761 0.031414 0.666667
-1.739214 -0.082657 -0.068765 0.106468 0.488225 -0.866199 0.031414 0.750000
-1.732266 -0.057976 -0.043163 0.205740 0.840893 -0.500570 0.031414 0.833333
-1.729178 -0.049069 -0.008176 0.249893 0.968273 -0.000752 0.031414 0.916667
-1.691026 -0.068544 0.025986 0.222922 0.837173 0.499447 0.036649 1.000000
-1.691026 -0.068544 0.025986 0.222922 0.837173 0.499447 0.036649 0.000000
-1.696894 -0.093478 0.051615 0.139056 0.480814 0.865726 0.036649 0.083333
-1.705371 -0.127432 0.061007 0.017906 -0.004457 0.999830 0.036649 0.166667
-1.714185 -0.161309 0.051646 -0.108023 -0.488457 0.865876 0.036649 0.250000
-1.720974 -0.186031 0.026040 -0.204977 -0.841466 0.499920 0.036649 0.333333
-1.762565 -0.175373 -0.043102 -0.227035 -0.835996 -0.499566 0.031414 0.500000
-1.723920 -0.194974 -0.008950 -0.247005 -0.969014 0.000133 0.036649 0.416667
-1.716365 -0.160808 -0.069577 -0.139104 -0.481048 -0.865588 0.036649 0.583333
-1.707889 -0.126854 -0.078969 -0.018070 0.003802 -0.999830 0.036649 0.666667
-1.699075 -0.092977 -0.069608 0.107825 0.487709 -0.866322 0.036649 0.750000
-1.692286 -0.068255 -0.044002 0.204859 0.841046 -0.500675 0.036649 0.833333
-1.689340 -0.059312 -0.009012 0.247003 0.969014 -0.000751 0.036649 0.916667
-1.654256 -0.077837 0.025358 0.216517 0.838764 0.499595 0.041885 1.000000
-1.654256 -0.077837 0.025358 0.216517 0.838764 0.499595 0.041885 0.000000
-1.660095 -0.102778 0.050986 0.133039 0.482208 0.865896 0.041885 0.083333
-1.668430 -0.136768 0.060375 0.013888 -0.003642 0.999897 0.041885 0.166667
-1.677028 -0.170699 0.051011 -0.108955 -0.488396 0.865793 0.041885 0.250000
-1.683585 -0.195480 0.025401 -0.202564 -0.842149 0.499752 0.041885 0.333333
-1.722233 -0.185742 -0.043948 -0.222890 -0.837080 -0.499617 0.036649 0.500000
-1.686344 -0.204470 -0.009592 -0.241904 -0.970300 -0.000011 0.041885 0.416667
-1.678727 -0.170320 -0.070220 -0.133140 -0.482675 -0.865621 0.041885 0.583333
-1.670392 -0.136330 -0.079610 -0.014141 0.002614 -0.999897 0.041885 0.666667
-1.661794 -0.102399 -0.070245 0.108677 0.487320 -0.866434 0.041885 0.750000
-1.655237 -0.077618 -0.044635 0.202414 0.841586 -0.500760 0.041885 0.833333
-1.652478 -0.068628 -0.009642 0.241907 0.970299 -0.000723 0.041885 0.916667
-1.620043 -0.086251 0.024930 0.207814 0.840874 0.499744 0.047120 1.000000
-1.620043 -0.086251 0.024930 0.207814 0.840874 0.499744 0.047120 0.000000
-1.625812 -0.111209 0.050557 0.125312 0.483980 0.866060 0.047120 0.083333
-1.633933 -0.145251 0.059944 0.009207 -0.002691 0.999954 0.047120 0.166667
-1.642230 -0.179256 0.050576 -0.109324 -0.488478 0.865701 0.047120 0.250000
-1.648479 -0.204112 0.024962 -0.198516 -0.843215 0.499579 0.047120 0.333333
-1.684566 -0.195261 -0.044592 -0.216490 -0.838717 -0.499686 0.041885 0.500000
-1.651007 -0.213159 -0.010034 -0.234533 -0.972108 -0.000156 0.047120 0.416667
-1.643366 -0.179015 -0.070662 -0.125463 -0.484681 -0.865646 0.047120 0.583333
-1.635245 -0.144973 -0.080049 -0.009542 0.001289 -0.999954 0.047120 0.666667
-1.626948 -0.110968 -0.070681 0.108977 0.487075 -0.866535 0.047120 0.750000
-1.620699 -0.086112 -0.045067 0.198342 0.842512 -0.500834 0.047120 0.833333
-1.618171 -0.077064 -0.010071 0.234543 0.972105 -0.000686 0.047120 0.916667
-1.588009 -0.093832 0.024699 0.196882 0.843429 0.499865 0.052356 1.000000
-1.588009 -0.093832 0.024699 0.196882 0.843429 0.499865 0.052356 0.000000
-1.593667 -0.118816 0.050325 0.115949 0.486071 0.866193 0.052356 0.083333
-1.601501 -0.152926 0.059710 0.003924 -0.001630 0.999991 0.052356 0.166667
-1.609413 -0.187022 0.050339 -0.109102 -0.488691 0.865608 0.052356 0.250000
-1.615282 -0.211968 0.024722 -0.192843 -0.844622 0.499425 0.052356 0.333333
-1.615571 -0.211916 -0.045277 -0.196867 -0.843480 -0.499785 0.052356 0.500000
-1.649135 -0.203973 -0.045035 -0.207792 -0.840876 -0.499750 0.047120 0.500000
-1.609913 -0.186931 -0.070904 -0.116145 -0.487000 -0.865645 0.052356 0.583333
-1.602079 -0.152821 -0.080289 -0.004326 -0.000129 -0.999991 0.052356 0.666667
-1.594167 -0.118725 -0.070917 0.108703 0.486978 -0.866624 0.052356 0.750000
-1.588297 -0.093779 -0.045301 0.192655 0.843786 -0.500909 0.052356 0.833333
-1.586043 -0.084668 -0.010303 0.224959 0.974368 -0.000666 0.052356 0.916667
-1.555759 -0.091485 -0.010345 0.213314 0.976983 -0.000692 0.057592 0.916667
-1.557817 -0.100629 0.024657 0.183901 0.846320 0.499922 0.057592 0.000000
-1.563324 -0.125647 0.050283 0.105103 0.488399 0.866268 0.057592 0.083333
-1.570806 -0.159836 0.059668 -0.001878 -0.000494 0.999998 0.057592 0.166667
-1.578256 -0.194036 0.050296 -0.108296 -0.489014 0.865527 0.057592 0.250000
-1.617536 -0.221080 -0.010275 -0.224940 -0.974373 -0.000271 0.052356 0.416667
-1.583678 -0.219082 0.024679 -0.185646 -0.846297 0.499317 0.057592 0.333333
-1.583563 -0.219120 -0.045321 -0.183895 -0.846417 -0.499760 0.057592 0.500000
-1.578055 -0.194102 -0.070947 -0.105335 -0.489534 -0.865599 0.057592 0.583333
-1.570574 -0.159913 -0.080332 0.001427 -0.001587 -0.999998 0.057592 0.666667
-1.563124 -0.125713 -0.070960 0.107866 0.487024 -0.866702 0.057592 0.750000
-1.557701 -0.100667 -0.045343 0.185454 0.845344 -0.501000 0.057592 0.833333
-1.557817 -0.100629 0.024657 0.183901 0.846320 0.499922 0.057592 1.000000
-1.527029 -0.097564 -0.010204 0.199865 0.979823 -0.000789 0.062827 0.916667
-1.529178 -0.106688 0.024797 0.169144 0.849415 0.499885 0.062827 0.000000
-1.534500 -0.131745 0.050425 0.092990 0.490865 0.866259 0.062827 0.083333
-1.541569 -0.166022 0.059811 -0.008097 0.000680 0.999967 0.062827 0.166667
-1.548490 -0.200333 0.050442 -0.106950 -0.489415 0.865468 0.062827 0.250000
-1.585621 -0.228264 -0.010319 -0.213288 -0.976989 -0.000325 0.057592 0.416667
-1.553409 -0.225486 0.024828 -0.177096 -0.848150 0.499278 0.062827 0.333333
-1.552859 -0.225616 -0.045170 -0.169147 -0.849552 -0.499650 0.062827 0.500000
-1.547537 -0.200558 -0.070797 -0.093248 -0.492176 -0.865487 0.062827 0.583333
-1.540468 -0.166282 -0.080184 0.007620 -0.003034 -0.999966 0.062827 0.666667
-1.533547 -0.131971 -0.070815 0.106509 0.487192 -0.866776 0.062827 0.750000
-1.528628 -0.106818 -0.045200 0.176910 0.847100 -0.501124 0.062827 0.833333
-1.529178 -0.106688 0.024797 0.169144 0.849415 0.499885 0.062827 1.000000
-1.499612 -0.102949 -0.009887 0.184933 0.982751 -0.000984 0.068063 0.916667
-1.501849 -0.112055 0.025113 0.152940 0.852574 0.499727 0.068063 0.000000
-1.506956 -0.137155 0.050743 0.079861 0.493367 0.866147 0.068063 0.083333
-1.513563 -0.171522 0.060135 -0.014628 0.001852 0.999891 0.068063 0.166667
-1.519900 -0.205948 0.050772 -0.105132 -0.489862 0.865438 0.068063 0.250000
-1.555008 -0.234740 -0.010169 -0.199833 -0.979830 -0.000287 0.062827 0.416667
-1.524269 -0.231208 0.025164 -0.167420 -0.850083 0.499329 0.068063 0.333333
-1.523262 -0.231428 -0.044828 -0.152955 -0.852744 -0.499432 0.068063 0.500000
-1.518155 -0.206328 -0.070458 -0.080134 -0.494819 -0.865294 0.068063 0.583333
-1.511548 -0.171961 -0.079850 0.014147 -0.004421 -0.999890 0.068063 0.666667
-1.505211 -0.137535 -0.070488 0.104702 0.487456 -0.866847 0.068063 0.750000
-1.500842 -0.112275 -0.044880 0.167249 0.848957 -0.501298 0.068063 0.833333
-1.501849 -0.112055 0.025113 0.152940 0.852574 0.499727 0.068063 1.000000
-1.473312 -0.107681 -0.009403 0.168876 0.985637 -0.001294 0.073298 0.916667
-1.475636 -0.116773 0.025595 0.135648 0.855669 0.499430 0.073298 0.000000
-1.480504 -0.141915 0.051229 0.065975 0.495812 0.865920 0.073298 0.083333
-1.486612 -0.176372 0.060631 -0.021380 0.002989 0.999767 0.073298 0.166667
-1.492324 -0.210910 0.051280 -0.102943 -0.490319 0.865442 0.073298 0.250000
-1.525500 -0.240534 -0.009828 -0.184897 -0.982758 -0.000134 0.068063 0.416667
-1.496109 -0.236275 0.025682 -0.156882 -0.852002 0.499480 0.073298 0.333333
-1.494628 -0.236580 -0.044301 -0.135672 -0.855863 -0.499091 0.073298 0.500000
-1.489760 -0.211438 -0.069935 -0.066252 -0.497364 -0.865008 0.073298 0.583333
-1.483652 -0.176981 -0.079337 0.020915 -0.005714 -0.999765 0.073298 0.666667
-1.477940 -0.142443 -0.069986 0.102542 0.487780 -0.866923 0.073298 0.750000
-1.474156 -0.117077 -0.044388 0.156733 0.850821 -0.501535 0.073298 0.833333
-1.475636 -0.116773 0.025595 0.135648 0.855669 0.499430 0.073298 1.000000
-1.447990 -0.111801 -0.008761 0.152029 0.988374 -0.001731 0.078534 0.916667
-1.450398 -0.120878 0.026236 0.117594 0.858594 0.498986 0.078534 0.000000
-1.455012 -0.146062 0.051877 0.051563 0.498120 0.865574 0.078534 0.083333
-1.460595 -0.180604 0.061291 -0.028282 0.004060 0.999592 0.078534 0.166667
-1.465652 -0.215249 0.051957 -0.100487 -0.490760 0.865481 0.078534 0.250000
-1.496952 -0.245671 -0.009303 -0.168837 -0.985644 0.000148 0.073298 0.416667
-1.468828 -0.240713 0.026375 -0.145733 -0.853830 0.499736 0.078534 0.333333
-1.466864 -0.241096 -0.043596 -0.117625 -0.858804 -0.498618 0.078534 0.500000
-1.462250 -0.215913 -0.069237 -0.051833 -0.499741 -0.864623 0.078534 0.583333
-1.456666 -0.181371 -0.078652 0.027848 -0.006891 -0.999588 0.078534 0.666667
-1.451609 -0.146726 -0.069317 0.100128 0.488131 -0.867008 0.078534 0.750000
-1.448434 -0.121262 -0.043736 0.145614 0.852612 -0.501846 0.078534 0.833333
-1.450398 -0.120878 0.026236 0.117594 0.858594 0.498986 0.078534 1.000000
-1.423558 -0.115340 -0.007968 0.134616 0.990895 -0.002299 0.083770 0.916667
-1.426048 -0.124406 0.027026 0.099006 0.861277 0.498397 0.083770 0.000000
-1.430395 -0.149628 0.052675 0.036794 0.500231 0.865110 0.083770 0.083333
-1.435435 -0.184249 0.062107 -0.035268 0.005034 0.999365 0.083770 0.166667
-1.439816 -0.218991 0.052795 -0.097821 -0.491176 0.865550 0.083770 0.250000
-1.469271 -0.250174 -0.008600 -0.151985 -0.988383 0.000567 0.078534 0.416667
-1.442366 -0.244546 0.027234 -0.134136 -0.855520 0.500094 0.083770 0.333333
-1.439911 -0.245001 -0.042722 -0.099041 -0.861502 -0.498001 0.083770 0.500000
-1.435564 -0.219778 -0.068371 -0.037052 -0.501908 -0.864127 0.083770 0.583333
-1.430525 -0.185158 -0.077804 0.034873 -0.007946 -0.999360 0.083770 0.666667
-1.426143 -0.150415 -0.068491 0.097512 0.488479 -0.867110 0.083770 0.750000
-1.423593 -0.124860 -0.042930 0.134051 0.854275 -0.502240 0.083770 0.833333
-1.426048 -0.124406 0.027026 0.099006 0.861277 0.498397 0.083770 1.000000
-1.399955 -0.118331 -0.007036 0.116743 0.993158 -0.002999 0.089005 0.916667
-1.402522 -0.127386 0.027955 0.080018 0.863670 0.497665 0.089005 0.000000
-1.406591 -0.152644 0.053615 0.021793 0.502103 0.864533 0.089005 0.083333
-1.411070 -0.187336 0.063070 -0.042255 0.005885 0.999089 0.089005 0.166667
-1.414761 -0.222165 0.053785 -0.094925 -0.491565 0.865652 0.089005 0.250000
-1.442401 -0.254066 -0.007728 -0.134565 -0.990904 0.001130 0.083770 0.416667
-1.416673 -0.247801 0.028248 -0.122141 -0.857044 0.500557 0.089005 0.333333
-1.413728 -0.248317 -0.041688 -0.080058 -0.863915 -0.497234 0.089005 0.500000
-1.409659 -0.223060 -0.067348 -0.022038 -0.503835 -0.863519 0.089005 0.583333
-1.405179 -0.188368 -0.076802 0.041903 -0.008869 -0.999082 0.089005 0.666667
-1.401489 -0.153539 -0.067517 0.094671 0.488816 -0.867235 0.089005 0.750000
-1.399577 -0.127903 -0.041981 0.122092 0.855782 -0.502723 0.089005 0.833333
-1.402522 -0.127386 0.027955 0.080018 0.863670 0.497665 0.089005 1.000000
-1.377122 -0.120800 -0.005975 0.098490 0.995131 -0.003833 0.094241 0.916667
-1.379760 -0.129849 0.029013 0.060750 0.865741 0.496792 0.094241 0.000000
-1.383538 -0.155138 0.054687 0.006690 0.503711 0.863846 0.094241 0.083333
-1.387443 -0.189891 0.064168 -0.049139 0.006604 0.998770 0.094241 0.166667
-1.390430 -0.224797 0.054915 -0.091750 -0.491921 0.865792 0.094241 0.250000
-1.390906 -0.260119 -0.005517 -0.098427 -0.995141 0.002703 0.094241 0.416667
-1.416295 -0.257373 -0.006697 -0.116685 -0.993167 0.001841 0.089005 0.416667
-1.388268 -0.251071 -0.040505 -0.060797 -0.866009 -0.496318 0.094241 0.500000
-1.384490 -0.225782 -0.066179 -0.006919 -0.505494 -0.862803 0.094241 0.583333
-1.380585 -0.191029 -0.075660 0.048837 -0.009643 -0.998760 0.094241 0.666667
-1.377598 -0.156123 -0.066407 0.091557 0.489140 -0.867387 0.094241 0.750000
-1.376331 -0.130417 -0.040901 0.109755 0.857116 -0.503296 0.094241 0.833333
-1.379760 -0.129849 0.029013 0.060750 0.865741 0.496792 0.094241 1.000000
-1.355006 -0.122778 -0.004797 0.079943 0.996788 -0.004796 0.099476 0.916667
-1.357704 -0.131820 0.030187 0.041334 0.867461 0.495785 0.099476 0.000000
-1.361179 -0.157137 0.055877 -0.008377 0.505033 0.863060 0.099476 0.083333
-1.364498 -0.191943 0.065389 -0.055812 0.007181 0.998415 0.099476 0.166667
-1.367393 -0.252675 0.030703 -0.097035 -0.859514 0.501817 0.099476 0.333333
-1.391697 -0.250502 0.029409 -0.109767 -0.858382 0.501131 0.094241 0.333333
-1.366193 -0.262329 -0.004202 -0.079878 -0.996798 0.003711 0.099476 0.416667
-1.363495 -0.253286 -0.039186 -0.041388 -0.867758 -0.495261 0.099476 0.500000
-1.360021 -0.227970 -0.064876 0.008165 -0.506865 -0.861987 0.099476 0.583333
-1.356701 -0.193164 -0.074388 0.055561 -0.010263 -0.998402 0.099476 0.666667
-1.354427 -0.158194 -0.065174 0.088115 0.489443 -0.867572 0.099476 0.750000
-1.353806 -0.132431 -0.039702 0.097061 0.858255 -0.503961 0.099476 0.833333
-1.357704 -0.131820 0.030187 0.041334 0.867461 0.495785 0.099476 1.000000
-1.333555 -0.124289 -0.003516 0.061187 0.998109 -0.005881 0.104712 0.916667
-1.336300 -0.133329 0.031465 0.021902 0.868812 0.494657 0.104712 0.000000
-1.339457 -0.158667 0.057174 -0.023261 0.506058 0.862186 0.104712 0.083333
-1.366772 -0.226912 0.056175 -0.088247 -0.492238 0.865976 0.099476 0.250000
-1.342180 -0.193515 0.066722 -0.062153 0.007615 0.998038 0.104712 0.166667
-1.343715 -0.254344 0.032116 -0.083957 -0.860423 0.502616 0.104712 0.333333
-1.342117 -0.264025 -0.002764 -0.061121 -0.998118 0.004862 0.104712 0.416667
-1.339371 -0.254986 -0.037746 -0.021963 -0.869143 -0.494073 0.104712 0.500000
-1.336214 -0.229647 -0.063455 0.023070 -0.507938 -0.861084 0.104712 0.583333
-1.333492 -0.194799 -0.073003 0.061958 -0.010726 -0.998021 0.104712 0.666667
-1.331933 -0.159779 -0.063831 0.084284 0.489718 -0.867798 0.104712 0.750000
-1.331957 -0.133971 -0.038397 0.084020 0.859185 -0.504719 0.104712 0.833333
-1.336300 -0.133329 0.031465 0.021902 0.868812 0.494657 0.104712 1.000000
-1.312719 -0.125360 -0.002146 0.042316 0.999079 -0.007077 0.109948 0.916667
-1.315495 -0.134398 0.032834 0.002598 0.869785 0.493424 0.109948 0.000000
-1.318320 -0.159754 0.058564 -0.037809 0.506783 0.861244 0.109948 0.083333
-1.321280 -0.229690 0.059027 -0.080009 -0.492714 0.866505 0.109948 0.250000
-1.343738 -0.228535 0.057550 -0.084352 -0.492507 0.866211 0.104712 0.250000
-1.320621 -0.255531 0.033635 -0.070557 -0.861095 0.503525 0.109948 0.333333
-1.318639 -0.265232 -0.001221 -0.042251 -0.999088 0.006144 0.109948 0.416667
-1.315863 -0.256194 -0.036200 -0.002666 -0.870154 -0.492772 0.109948 0.500000
-1.313038 -0.230839 -0.061931 0.037641 -0.508709 -0.860115 0.109948 0.583333
-1.310921 -0.195960 -0.071518 0.067904 -0.011037 -0.997631 0.109948 0.666667
-1.310078 -0.160903 -0.062393 0.080006 0.489953 -0.868070 0.109948 0.750000
-1.310737 -0.135062 -0.037001 0.070653 0.859890 -0.505567 0.109948 0.833333
-1.315495 -0.134398 0.032834 0.002598 0.869785 0.493424 0.109948 1.000000
-1.292453 -0.126016 -0.000701 0.023419 0.999691 -0.008367 0.115183 0.916667
-1.295238 -0.135053 0.034278 -0.016437 0.870378 0.492110 0.115183 0.000000
-1.320437 -0.194633 0.068152 -0.068041 0.007913 0.997651 0.109948 0.166667
-1.297716 -0.160420 0.060033 -0.051865 0.507216 0.860257 0.115183 0.083333
-1.299353 -0.230399 0.060590 -0.075154 -0.492847 0.866865 0.115183 0.250000
-1.298074 -0.256260 0.035242 -0.056849 -0.861514 0.504542 0.115183 0.333333
-1.295727 -0.265973 0.000413 -0.023360 -0.999699 0.007541 0.115183 0.416667
-1.292942 -0.256935 -0.034566 0.016361 -0.870792 -0.491379 0.115183 0.500000
-1.290465 -0.231568 -0.060322 0.051720 -0.509186 -0.859101 0.115183 0.583333
-1.288958 -0.196670 -0.069952 0.073269 -0.011209 -0.997249 0.115183 0.666667
-1.288827 -0.161590 -0.060878 0.075210 0.490133 -0.868397 0.115183 0.750000
-1.290106 -0.135729 -0.035530 0.056972 0.860356 -0.506499 0.115183 0.833333
-1.295238 -0.135053 0.034278 -0.016437 0.870378 0.492110 0.115183 1.000000
-1.272712 -0.126278 0.000803 0.004584 0.999942 -0.009734 0.120419 0.916667
-1.275482 -0.135316 0.035783 -0.035061 0.870601 0.490739 0.120419 0.000000
-1.299222 -0.195319 0.069664 -0.073348 0.008086 0.997274 0.115183 0.166667
-1.277596 -0.160687 0.061566 -0.065273 0.507374 0.859250 0.120419 0.083333
-1.277915 -0.230684 0.062223 -0.069717 -0.492885 0.867297 0.120419 0.250000
-1.276035 -0.256553 0.036921 -0.042842 -0.861670 0.505657 0.120419 0.333333
-1.273350 -0.266270 0.002117 -0.004534 -0.999949 0.009035 0.120419 0.416667
-1.270579 -0.257232 -0.032863 0.034978 -0.871065 -0.489920 0.120419 0.500000
-1.268466 -0.231861 -0.058646 0.065155 -0.509386 -0.858068 0.120419 0.583333
-1.267575 -0.196954 -0.068324 0.077924 -0.011262 -0.996896 0.120419 0.666667
-1.268147 -0.161865 -0.059303 0.069828 0.490239 -0.868786 0.120419 0.750000
-1.270027 -0.135995 -0.034001 0.042989 0.860573 -0.507509 0.120419 0.833333
-1.275482 -0.135316 0.035783 -0.035061 0.870601 0.490739 0.120419 1.000000
-1.253456 -0.126169 0.002349 -0.014106 0.999838 -0.011154 0.125654 0.916667
-1.256184 -0.135207 0.037332 -0.053136 0.870471 0.489343 0.125654 0.000000
-1.278486 -0.195594 0.071244 -0.077945 0.008156 0.996924 0.120419 0.166667
-1.257915 -0.160576 0.063146 -0.077877 0.507282 0.858254 0.125654 0.083333
-1.256927 -0.230565 0.063907 -0.063626 -0.492807 0.867810 0.125654 0.250000
-1.254471 -0.256431 0.038651 -0.028545 -0.861553 0.506864 0.125654 0.333333
-1.251478 -0.266147 0.003872 0.014144 -0.999844 0.010605 0.125654 0.416667
-1.248751 -0.257109 -0.031111 0.053049 -0.870992 -0.488424 0.125654 0.500000
-1.247019 -0.231740 -0.056925 0.077790 -0.509337 -0.857044 0.125654 0.583333
-1.246747 -0.196836 -0.066652 0.081738 -0.011227 -0.996591 0.125654 0.666667
-1.248007 -0.161751 -0.057687 0.063790 0.490249 -0.869245 0.125654 0.750000
-1.250463 -0.135885 -0.032430 0.028710 0.860530 -0.508590 0.125654 0.833333
-1.256184 -0.135207 0.037332 -0.053136 0.870471 0.489343 0.125654 1.000000
-1.234648 -0.125710 0.003919 -0.032577 0.999390 -0.012605 0.130890 0.916667
-1.237301 -0.134746 0.038908 -0.070534 0.870016 0.487952 0.130890 0.000000
-1.258187 -0.195480 0.072873 -0.081699 0.008150 0.996624 0.125654 0.166667
-1.238632 -0.160106 0.064755 -0.089529 0.506976 0.857298 0.130890 0.083333
-1.236350 -0.230063 0.065624 -0.056809 -0.492588 0.868406 0.130890 0.250000
-1.233350 -0.255916 0.040413 -0.013958 -0.861156 0.508150 0.130890 0.333333
-1.230085 -0.265625 0.005657 0.032600 -0.999394 0.012226 0.130890 0.416667
-1.227432 -0.256589 -0.029333 0.070444 -0.870600 -0.486922 0.130890 0.500000
-1.226101 -0.231230 -0.055180 0.089475 -0.509075 -0.856059 0.130890 0.583333
-1.226449 -0.196341 -0.064959 0.084580 -0.011138 -0.996354 0.130890 0.666667
-1.228382 -0.161272 -0.056049 0.057017 0.490137 -0.869779 0.130890 0.750000
-1.231383 -0.135420 -0.030838 0.014131 0.860218 -0.509730 0.130890 0.833333
-1.237301 -0.134746 0.038908 -0.070534 0.870016 0.487952 0.130890 1.000000
-1.216254 -0.124921 0.005493 -0.050764 0.998612 -0.014060 0.136126 0.916667
-1.218796 -0.133952 0.040492 -0.087135 0.869270 0.486598 0.136126 0.000000
-1.238284 -0.194994 0.074534 -0.084485 0.008102 0.996392 0.130890 0.166667
-1.219706 -0.159293 0.066375 -0.100086 0.506501 0.856411 0.136126 0.083333
-1.216152 -0.229196 0.067353 -0.049188 -0.492201 0.869091 0.136126 0.250000
-1.212641 -0.255027 0.042185 0.000927 -0.860469 0.509502 0.136126 0.333333
-1.209147 -0.264726 0.007448 0.050770 -0.998614 0.013871 0.136126 0.416667
-1.206604 -0.255695 -0.027551 0.087045 -0.869924 -0.485444 0.136126 0.500000
-1.205695 -0.230354 -0.053433 0.100067 -0.508644 -0.855142 0.136126 0.583333
-1.206663 -0.195492 -0.063265 0.086323 -0.011039 -0.996206 0.136126 0.666667
-1.209249 -0.160451 -0.054411 0.049433 0.489873 -0.870391 0.136126 0.750000
-1.212759 -0.134620 -0.029244 -0.000753 0.859630 -0.510917 0.136126 0.833333
-1.218796 -0.133952 0.040492 -0.087135 0.869270 0.486598 0.136126 1.000000
-1.198244 -0.123819 0.007053 -0.068609 0.997523 -0.015491 0.141361 0.916667
-1.200637 -0.132841 0.042065 -0.102825 0.868273 0.485313 0.141361 0.000000
-1.218738 -0.194155 0.076207 -0.086174 0.008055 0.996248 0.136126 0.166667
-1.201102 -0.158155 0.067986 -0.109409 0.505907 0.855622 0.141361 0.083333
-1.196299 -0.227982 0.069071 -0.040680 -0.491612 0.869863 0.141361 0.250000
-1.192319 -0.253784 0.043944 0.016125 -0.859486 0.510905 0.141361 0.333333
-1.188640 -0.263472 0.009223 0.068596 -0.997524 0.015515 0.141361 0.416667
-1.186247 -0.254450 -0.025789 0.102739 -0.869004 -0.484022 0.141361 0.500000
-1.185783 -0.229136 -0.051710 0.109430 -0.508097 -0.854320 0.141361 0.583333
-1.187370 -0.194312 -0.061595 0.086840 -0.010979 -0.996162 0.141361 0.666667
-1.190585 -0.159309 -0.052795 0.040955 0.489424 -0.871084 0.141361 0.750000
-1.194565 -0.133507 -0.027668 -0.015958 0.858756 -0.512136 0.141361 0.833333
-1.200637 -0.132841 0.042065 -0.102825 0.868273 0.485313 0.141361 1.000000
-1.180592 -0.122423 0.008575 -0.086076 0.996146 -0.016874 0.146597 0.916667
-1.182791 -0.131430 0.043604 -0.117510 0.867072 0.484126 0.146597 0.000000
-1.180580 -0.191482 0.079504 -0.085757 0.008157 0.996283 0.146597 0.166667
-1.199514 -0.192979 0.077871 -0.086638 0.008057 0.996207 0.141361 0.166667
-1.176763 -0.226437 0.070756 -0.031200 -0.490789 0.870720 0.146597 0.250000
-1.172357 -0.252206 0.045665 0.031663 -0.858199 0.512340 0.146597 0.333333
-1.168544 -0.261883 0.010956 0.086040 -0.996144 0.017131 0.146597 0.416667
-1.166345 -0.252877 -0.024073 0.117430 -0.867885 -0.482686 0.146597 0.500000
-1.166350 -0.227599 -0.050034 0.117436 -0.507492 -0.853616 0.146597 0.583333
-1.168557 -0.192824 -0.059973 0.086007 -0.011014 -0.996234 0.146597 0.666667
-1.172374 -0.157869 -0.051225 0.031495 0.488751 -0.871855 0.146597 0.750000
-1.176779 -0.132100 -0.026134 -0.031511 0.857588 -0.513370 0.146597 0.833333
-1.182791 -0.131430 0.043604 -0.117510 0.867072 0.484126 0.146597 1.000000
-1.163275 -0.120749 0.010039 -0.103132 0.994501 -0.018180 0.151832 0.916667
-1.182787 -0.156707 0.069565 -0.117374 0.505250 0.854954 0.146597 0.083333
-1.165233 -0.129733 0.045088 -0.131101 0.865714 0.483066 0.151832 0.000000
-1.164732 -0.154962 0.071091 -0.123856 0.504595 0.854426 0.151832 0.083333
-1.157514 -0.224577 0.072381 -0.020655 -0.489689 0.871652 0.151832 0.250000
-1.152732 -0.250309 0.047323 0.047578 -0.856597 0.513788 0.151832 0.333333
-1.148841 -0.259979 0.012620 0.103076 -0.994498 0.018691 0.151832 0.416667
-1.146883 -0.250996 -0.022429 0.131034 -0.866618 -0.481460 0.151832 0.500000
-1.147384 -0.225767 -0.048432 0.123966 -0.506892 -0.853049 0.151832 0.583333
-1.150209 -0.191051 -0.058423 0.083702 -0.011204 -0.996428 0.151832 0.666667
-1.154601 -0.156152 -0.049723 0.020962 0.487816 -0.872695 0.151832 0.750000
-1.159384 -0.130419 -0.024664 -0.047448 0.856116 -0.514601 0.151832 0.833333
-1.165233 -0.129733 0.045088 -0.131101 0.865714 0.483066 0.151832 1.000000
-1.146273 -0.118815 0.011419 -0.119754 0.992614 -0.019388 0.157068 0.916667
-1.147939 -0.127765 0.046491 -0.143532 0.864253 0.482147 0.157068 0.000000
-1.161907 -0.189678 0.081081 -0.083404 0.008417 0.996480 0.151832 0.166667
-1.146913 -0.152934 0.072537 -0.128767 0.504005 0.854048 0.157068 0.083333
-1.138533 -0.222417 0.073921 -0.008981 -0.488277 0.872642 0.157068 0.250000
-1.133424 -0.248112 0.048889 0.063895 -0.854674 0.515219 0.157068 0.333333
-1.129513 -0.257780 0.014188 0.119679 -0.992608 0.020164 0.157068 0.416667
-1.127847 -0.248830 -0.020885 0.143489 -0.865249 -0.480369 0.157068 0.500000
-1.128874 -0.223660 -0.046930 0.128931 -0.506360 -0.852629 0.157068 0.583333
-1.132317 -0.189015 -0.056970 0.079835 -0.011607 -0.996740 0.157068 0.666667
-1.137254 -0.154177 -0.048315 0.009290 0.486574 -0.873590 0.157068 0.750000
-1.142362 -0.128482 -0.023282 -0.063793 0.854327 -0.515806 0.157068 0.833333
-1.147939 -0.127765 0.046491 -0.143532 0.864253 0.482147 0.157068 1.000000
-1.129568 -0.116633 0.012692 -0.135913 0.990509 -0.020489 0.162304 0.916667
-1.130893 -0.125539 0.047790 -0.154794 0.862740 0.481371 0.162304 0.000000
-1.125255 -0.185202 0.083965 -0.074057 0.009647 0.997207 0.162304 0.166667
-1.143470 -0.187580 0.082577 -0.079495 0.008898 0.996796 0.157068 0.166667
-1.119803 -0.219972 0.075348 0.003785 -0.486529 0.873657 0.162304 0.250000
-1.114420 -0.245631 0.050337 0.080575 -0.852432 0.516592 0.162304 0.333333
-1.110547 -0.255304 0.015632 0.135822 -0.990500 0.021512 0.162304 0.416667
-1.109222 -0.246398 -0.019466 0.154780 -0.863820 -0.479436 0.162304 0.500000
-1.110801 -0.221301 -0.045554 0.132341 -0.505942 -0.852355 0.162304 0.583333
-1.114860 -0.186736 -0.055640 0.074433 -0.012273 -0.997151 0.162304 0.666667
-1.120312 -0.151965 -0.047024 -0.003484 0.484992 -0.874512 0.162304 0.750000
-1.125695 -0.126306 -0.022012 -0.080508 0.852213 -0.516964 0.162304 0.833333
-1.130893 -0.125539 0.047790 -0.154794 0.862740 0.481371 0.162304 1.000000
-1.113141 -0.114220 0.013837 -0.151565 0.988214 -0.021462 0.167539 0.916667
-1.129314 -0.150637 0.073878 -0.132121 0.503541 0.853809 0.162304 0.083333
-1.114080 -0.123069 0.048962 -0.164916 0.861218 0.480736 0.167539 0.000000
-1.107255 -0.182558 0.085219 -0.067218 0.010692 0.997681 0.167539 0.166667
-1.101319 -0.217257 0.076635 0.017511 -0.484433 0.874653 0.167539 0.250000
-1.095710 -0.242883 0.051640 0.097521 -0.849884 0.517867 0.167539 0.333333
-1.091929 -0.252569 0.016929 0.151465 -0.988202 0.022707 0.167539 0.416667
-1.090990 -0.243720 -0.018196 0.164937 -0.862366 -0.478665 0.167539 0.500000
-1.093145 -0.218707 -0.044324 0.134284 -0.505674 -0.852210 0.167539 0.583333
-1.097816 -0.184232 -0.054453 0.067626 -0.013229 -0.997623 0.167539 0.666667
-1.103751 -0.149533 -0.045870 -0.017224 0.483057 -0.875419 0.167539 0.750000
-1.109361 -0.123907 -0.020874 -0.097488 0.849783 -0.518040 0.167539 0.833333
-1.114080 -0.123069 0.048962 -0.164916 0.861218 0.480736 0.167539 1.000000
-1.096973 -0.111589 0.014836 -0.166664 0.985762 -0.022292 0.172775 0.916667
-1.111925 -0.148083 0.075089 -0.134008 0.503247 0.853688 0.167539 0.083333
-1.097488 -0.120370 0.049987 -0.173943 0.859720 0.480234 0.172775 0.000000
-1.089466 -0.179663 0.086317 -0.059151 0.012051 0.998176 0.172775 0.166667
-1.083078 -0.214289 0.077762 0.032026 -0.481995 0.875588 0.172775 0.250000
-1.077288 -0.239886 0.052777 0.114607 -0.847050 0.519010 0.172775 0.333333
-1.073647 -0.249595 0.018058 0.166561 -0.985745 0.023733 0.172775 0.416667
-1.073132 -0.240815 -0.017093 0.174004 -0.860922 -0.478054 0.172775 0.500000
-1.075880 -0.215898 -0.043257 0.134882 -0.505585 -0.852168 0.172775 0.583333
-1.081154 -0.181521 -0.053423 0.059581 -0.014492 -0.998118 0.172775 0.666667
-1.087543 -0.146895 -0.044868 -0.031761 0.480772 -0.876270 0.172775 0.750000
-1.093333 -0.121298 -0.019883 -0.114608 0.847056 -0.519000 0.172775 0.833333
-1.097488 -0.120370 0.049987 -0.173943 0.859720 0.480234 0.172775 1.000000
-1.081043 -0.108753 0.015675 -0.181162 0.983185 -0.022971 0.178010 0.916667
-1.094740 -0.145286 0.076151 -0.134554 0.503151 0.853659 0.172775 0.083333
-1.081104 -0.117453 0.050850 -0.181926 0.858278 0.479856 0.178010 0.000000
-1.071884 -0.176534 0.087243 -0.050040 0.013721 0.998653 0.178010 0.166667
-1.065073 -0.211084 0.078709 0.047147 -0.479232 0.876421 0.178010 0.250000
-1.059145 -0.236656 0.053732 0.131701 -0.843960 0.519987 0.178010 0.333333
-1.055688 -0.246398 0.019003 0.181062 -0.983165 0.024573 0.178010 0.416667
-1.055627 -0.237699 -0.016172 0.182031 -0.859517 -0.477593 0.178010 0.500000
-1.058979 -0.212889 -0.042367 0.134274 -0.505691 -0.852201 0.178010 0.583333
-1.064847 -0.178618 -0.052565 0.050486 -0.016058 -0.998596 0.178010 0.666667
-1.071657 -0.144067 -0.044032 -0.046906 0.478153 -0.877023 0.178010 0.750000
-1.077585 -0.118495 -0.019054 -0.131732 0.844061 -0.519815 0.178010 0.833333
-1.081104 -0.117453 0.050850 -0.181926 0.858278 0.479856 0.178010 1.000000
-1.065332 -0.105725 0.016342 -0.195011 0.980520 -0.023493 0.183246 0.916667
-1.077751 -0.142262 0.077045 -0.133894 0.503271 0.853692 0.178010 0.083333
-1.064914 -0.114333 0.051537 -0.188927 0.856916 0.479585 0.183246 0.000000
-1.054506 -0.173185 0.087981 -0.040090 0.015692 0.999073 0.183246 0.166667
-1.047305 -0.207660 0.079464 0.062675 -0.476172 0.877116 0.183246 0.250000
-1.041276 -0.233213 0.054491 0.148659 -0.840652 0.520774 0.183246 0.333333
-1.038036 -0.242996 0.019753 0.194922 -0.980494 0.025223 0.183246 0.416667
-1.038454 -0.234389 -0.015442 0.189080 -0.858174 -0.477270 0.183246 0.500000
-1.042416 -0.209697 -0.041664 0.132611 -0.505998 -0.852279 0.183246 0.583333
-1.048862 -0.175537 -0.051886 0.040546 -0.017918 -0.999017 0.183246 0.666667
-1.056064 -0.141062 -0.043369 -0.062459 0.475228 -0.877643 0.183246 0.750000
-1.062092 -0.115509 -0.018396 -0.148716 0.840834 -0.520463 0.183246 0.833333
-1.064914 -0.114333 0.051537 -0.188927 0.856916 0.479585 0.183246 1.000000
-1.049819 -0.102517 0.016831 -0.208166 0.977803 -0.023860 0.188482 0.916667
-1.044338 -0.135588 0.078282 -0.129598 0.504173 0.853823 0.188482 0.083333
-1.060952 -0.139024 0.077759 -0.132185 0.503614 0.853757 0.183246 0.083333
-1.037332 -0.169633 0.088522 -0.029524 0.017934 0.999403 0.188482 0.166667
-1.029769 -0.204033 0.080016 0.078392 -0.472860 0.877643 0.188482 0.250000
-1.023674 -0.229573 0.055045 0.165330 -0.837171 0.521354 0.188482 0.333333
-1.020680 -0.239407 0.020299 0.208093 -0.977772 0.025682 0.188482 0.416667
-1.021591 -0.230902 -0.014911 0.195220 -0.856911 -0.477068 0.188482 0.500000
-1.026161 -0.206336 -0.041152 0.130062 -0.506500 -0.852374 0.188482 0.583333
-1.033167 -0.172291 -0.051391 0.029982 -0.020042 -0.999349 0.188482 0.666667
-1.040730 -0.137890 -0.042886 -0.078205 0.472040 -0.878101 0.188482 0.750000
-1.046825 -0.112351 -0.017915 -0.165409 0.837421 -0.520929 0.188482 0.833333
-1.048908 -0.111022 0.052042 -0.195021 0.855651 0.479403 0.188482 1.000000
-1.034482 -0.099139 0.017137 -0.220579 0.975072 -0.024081 0.193717 0.916667
-1.027903 -0.131969 0.078610 -0.126311 0.504933 0.853867 0.193717 0.083333
-1.048908 -0.111022 0.052042 -0.195021 0.855651 0.479403 0.188482 0.000000
-1.020360 -0.165895 0.088860 -0.018575 0.020406 0.999619 0.193717 0.166667
-1.012464 -0.200223 0.080361 0.094073 -0.469351 0.877986 0.193717 0.250000
-1.006331 -0.225754 0.055390 0.181557 -0.833573 0.521721 0.193717 0.333333
-1.003605 -0.235647 0.020639 0.220526 -0.975036 0.025954 0.193717 0.416667
-1.005015 -0.227251 -0.014581 0.200524 -0.855739 -0.476971 0.193717 0.500000
-1.010185 -0.202817 -0.040834 0.126805 -0.507181 -0.852460 0.193717 0.583333
-1.017728 -0.168891 -0.051084 0.019028 -0.022389 -0.999568 0.193717 0.666667
-1.025623 -0.134563 -0.042585 -0.093915 0.468643 -0.878381 0.193717 0.750000
-1.031756 -0.109032 -0.017615 -0.181652 0.833875 -0.521206 0.193717 0.833333
-1.017395 -0.103883 0.052482 -0.204803 0.853462 0.479227 0.198953 1.000000
-1.033072 -0.107535 0.052357 -0.200283 0.854499 0.479290 0.193717 1.000000
-1.011643 -0.128182 0.078739 -0.122519 0.505863 0.853869 0.198953 0.083333
-1.033072 -0.107535 0.052357 -0.200283 0.854499 0.479290 0.193717 0.000000
-1.003589 -0.161990 0.088994 -0.007493 0.023052 0.999706 0.198953 0.166667
-0.995390 -0.196247 0.080497 0.109483 -0.465713 0.878137 0.198953 0.250000
-0.989243 -0.221774 0.055527 0.197177 -0.829920 0.521876 0.198953 0.333333
-0.986796 -0.231732 0.020774 0.232177 -0.972325 0.026050 0.198953 0.416667
-0.988703 -0.223452 -0.014451 0.205079 -0.854664 -0.476961 0.198953 0.500000
-0.994455 -0.199153 -0.040708 0.123032 -0.508011 -0.852519 0.198953 0.583333
-1.002509 -0.165346 -0.050962 0.007932 -0.024904 -0.999658 0.198953 0.666667
-1.010708 -0.131089 -0.042466 -0.109353 0.465103 -0.878477 0.198953 0.750000
-1.016855 -0.105562 -0.017496 -0.197284 0.830256 -0.521300 0.198953 0.833333
-1.001866 -0.100082 0.052420 -0.208676 0.852540 0.479198 0.204188 1.000000
-1.019303 -0.095604 0.017258 -0.232210 0.972365 -0.024171 0.198953 0.916667
-0.995556 -0.124244 0.078675 -0.118428 0.506924 0.853816 0.204188 0.083333
-1.017395 -0.103883 0.052482 -0.204803 0.853462 0.479227 0.198953 0.000000
-0.987020 -0.157933 0.088927 0.003466 0.025803 0.999661 0.204188 0.166667
-0.978545 -0.192123 0.080429 0.124379 -0.462025 0.878102 0.204188 0.250000
-0.972402 -0.217651 0.055459 0.212028 -0.826277 0.521833 0.204188 0.333333
-0.970237 -0.227678 0.020707 0.243006 -0.969677 0.025989 0.204188 0.416667
-0.972630 -0.219517 -0.014516 0.208979 -0.853685 -0.477021 0.204188 0.500000
-0.978939 -0.195355 -0.040770 0.118947 -0.508950 -0.852538 0.204188 0.583333
-0.987475 -0.161666 -0.051023 -0.003046 -0.027518 -0.999617 0.204188 0.666667
-0.995950 -0.127476 -0.042525 -0.124275 0.461499 -0.878393 0.204188 0.750000
-1.004259 -0.091921 0.017197 -0.243020 0.969721 -0.024147 0.204188 0.916667
-0.986472 -0.096142 0.052176 -0.212005 0.851724 0.479186 0.209424 1.000000
-0.979636 -0.120170 0.078422 -0.114247 0.508066 0.853707 0.209424 0.083333
-1.001866 -0.100082 0.052420 -0.208676 0.852540 0.479198 0.204188 0.000000
-0.970652 -0.153745 0.088667 0.014036 0.028579 0.999493 0.209424 0.166667
-0.961928 -0.187871 0.080166 0.138515 -0.458373 0.877900 0.209424 0.250000
-0.955800 -0.213403 0.055196 0.225948 -0.822719 0.521615 0.209424 0.333333
-0.953912 -0.223501 0.020448 0.252980 -0.967128 0.025790 0.209424 0.416667
-0.956769 -0.215459 -0.014767 0.212325 -0.852794 -0.477137 0.209424 0.500000
-0.963605 -0.191431 -0.041014 0.114762 -0.509947 -0.852516 0.209424 0.583333
-0.972589 -0.157856 -0.051259 -0.013640 -0.030153 -0.999452 0.209424 0.666667
-1.002093 -0.101948 -0.017555 -0.212142 0.826632 -0.521225 0.204188 0.833333
-0.981314 -0.123730 -0.042757 -0.138432 0.457916 -0.878151 0.209424 0.750000
-0.989329 -0.088100 0.016960 -0.252973 0.967175 -0.024032 0.209424 0.916667
-0.971204 -0.092079 0.051760 -0.214900 0.851001 0.479182 0.214660 1.000000
-0.963881 -0.115977 0.077994 -0.110196 0.509229 0.853547 0.214660 0.083333
-0.986472 -0.096142 0.052176 -0.212005 0.851724 0.479186 0.209424 0.000000
-0.954486 -0.149443 0.088228 0.023951 0.031292 0.999223 0.214660 0.166667
-0.945537 -0.183509 0.079721 0.151643 -0.454853 0.877561 0.214660 0.250000
-0.939432 -0.209047 0.054751 0.238776 -0.819318 0.521253 0.214660 0.333333
-0.937806 -0.219215 0.020010 0.262065 -0.964714 0.025480 0.214660 0.416667
-0.941095 -0.211287 -0.015193 0.215223 -0.851978 -0.477298 0.214660 0.500000
-0.948419 -0.187389 -0.041427 0.110692 -0.510943 -0.852458 0.214660 0.583333
-0.957813 -0.153923 -0.051661 -0.023583 -0.032719 -0.999186 0.214660 0.666667
-0.987441 -0.098198 -0.017788 -0.226060 0.823073 -0.521007 0.209424 0.833333
-0.966762 -0.119857 -0.043153 -0.151577 0.454450 -0.877781 0.214660 0.750000
-0.974494 -0.084151 0.016557 -0.262042 0.964761 -0.023853 0.214660 0.916667
-0.956050 -0.087904 0.051188 -0.217476 0.850349 0.479177 0.219895 1.000000
-0.948287 -0.111681 0.077405 -0.106497 0.510345 0.853350 0.219895 0.083333
-0.971204 -0.092079 0.051760 -0.214900 0.851001 0.479182 0.214660 0.000000
-0.938522 -0.145045 0.087626 0.032940 0.033845 0.998884 0.219895 0.166667
-0.929371 -0.179056 0.079111 0.163520 -0.451564 0.877127 0.219895 0.250000
-0.923288 -0.204600 0.054142 0.250357 -0.816151 0.520787 0.219895 0.333333
-0.921900 -0.214833 0.019410 0.270238 -0.962467 0.025086 0.219895 0.416667
-0.925582 -0.207014 -0.015779 0.217789 -0.851215 -0.477495 0.219895 0.500000
-0.933345 -0.183237 -0.041996 0.106961 -0.511872 -0.852377 0.219895 0.583333
-0.943110 -0.149873 -0.052216 -0.032605 -0.035123 -0.998851 0.219895 0.666667
-0.958344 -0.090318 -0.018732 -0.250455 0.816447 -0.520276 0.219895 0.833333
-0.972868 -0.094319 -0.018184 -0.238882 0.819653 -0.520677 0.214660 0.833333
-0.959731 -0.080085 0.016000 -0.270206 0.962512 -0.023636 0.219895 0.916667
-0.940999 -0.083631 0.050478 -0.219854 0.849743 0.479168 0.225131 1.000000
-0.932850 -0.107299 0.076677 -0.103373 0.511341 0.853138 0.225131 0.083333
-0.956050 -0.087904 0.051188 -0.217476 0.850349 0.479177 0.219895 0.000000
-0.922759 -0.140570 0.086882 0.040738 0.036139 0.998516 0.225131 0.166667
-0.913428 -0.174530 0.078358 0.173908 -0.448607 0.876646 0.225131 0.250000
-0.907359 -0.200078 0.053391 0.260544 -0.813293 0.520261 0.225131 0.333333
-0.906177 -0.210370 0.018668 0.277481 -0.960415 0.024635 0.225131 0.416667
-0.910200 -0.202647 -0.016505 0.220138 -0.850481 -0.477726 0.225131 0.500000
-0.918349 -0.178979 -0.042703 0.103790 -0.512661 -0.852295 0.225131 0.583333
-0.952260 -0.115862 -0.043701 -0.163466 0.451198 -0.877325 0.219895 0.750000
-0.928441 -0.145708 -0.052908 -0.040438 -0.037263 -0.998487 0.225131 0.666667
-0.943841 -0.086200 -0.019417 -0.260626 0.813531 -0.519848 0.225131 0.833333
-0.945022 -0.075909 0.015305 -0.277445 0.960456 -0.023409 0.225131 0.916667
-0.926040 -0.079273 0.049651 -0.222147 0.849153 0.479155 0.230366 1.000000
-0.917567 -0.102846 0.075833 -0.101037 0.512142 0.852937 0.230366 0.083333
-0.940999 -0.083631 0.050478 -0.219854 0.849743 0.479168 0.225131 0.000000
-0.907195 -0.136036 0.086022 0.047089 0.038070 0.998165 0.230366 0.166667
-0.897703 -0.169949 0.077490 0.182575 -0.446082 0.876172 0.230366 0.250000
-0.891636 -0.195498 0.052522 0.269194 -0.810816 0.519723 0.230366 0.333333
-0.890618 -0.205837 0.017809 0.283780 -0.958585 0.024157 0.230366 0.416667
-0.894923 -0.198196 -0.017349 0.222389 -0.849748 -0.477987 0.230366 0.500000
-0.903396 -0.174623 -0.043530 0.101396 -0.513237 -0.852236 0.230366 0.583333
-0.937771 -0.111749 -0.044385 -0.173857 0.448261 -0.876833 0.225131 0.750000
-0.913769 -0.141434 -0.053719 -0.046824 -0.039038 -0.998140 0.230366 0.666667
-0.929327 -0.081972 -0.020219 -0.269256 0.810977 -0.519440 0.230366 0.833333
-0.930345 -0.071633 0.014494 -0.283747 0.958619 -0.023198 0.230366 0.916667
-0.911158 -0.074841 0.048735 -0.224423 0.848558 0.479149 0.235602 1.000000
-0.902426 -0.098337 0.074900 -0.099623 0.512689 0.852775 0.235602 0.083333
-0.926040 -0.079273 0.049651 -0.222147 0.849153 0.479155 0.230366 0.000000
-0.891822 -0.131458 0.085075 0.051827 0.039566 0.997872 0.235602 0.166667
-0.882188 -0.165328 0.076534 0.189369 -0.444059 0.875757 0.235602 0.250000
-0.876106 -0.190872 0.051566 0.276211 -0.808772 0.519226 0.235602 0.333333
-0.875204 -0.201246 0.016860 0.289119 -0.957000 0.023689 0.235602 0.416667
-0.879725 -0.193670 -0.018285 0.224613 -0.849004 -0.478268 0.235602 0.500000
-0.888458 -0.170174 -0.044450 0.099915 -0.513551 -0.852222 0.235602 0.583333
-0.923260 -0.107521 -0.045187 -0.182520 0.445742 -0.876357 0.230366 0.750000
-0.899062 -0.137054 -0.054625 -0.051599 -0.040373 -0.997851 0.235602 0.666667
-0.914778 -0.077639 -0.021116 -0.276252 0.808851 -0.519081 0.235602 0.833333
-0.915679 -0.067265 0.013590 -0.289096 0.957023 -0.023012 0.235602 0.916667
-0.896331 -0.070344 0.047754 -0.226646 0.847963 0.479156 0.240838 1.000000
-0.887406 -0.093782 0.073907 -0.099100 0.512973 0.852665 0.240838 0.083333
-0.911158 -0.074841 0.048735 -0.224423 0.848558 0.479149 0.235602 0.000000
-0.876620 -0.126848 0.084070 0.054970 0.040608 0.997662 0.240838 0.166667
-0.866863 -0.160681 0.075521 0.194292 -0.442561 0.875437 0.240838 0.250000
-0.860750 -0.186216 0.050550 0.281580 -0.807184 0.518813 0.240838 0.333333
-0.859918 -0.196611 0.015849 0.293475 -0.955683 0.023271 0.240838 0.416667
-0.864591 -0.189081 -0.019285 0.226780 -0.848269 -0.478550 0.240838 0.500000
-0.873516 -0.165643 -0.045438 0.099319 -0.513606 -0.852258 0.240838 0.583333
-0.908695 -0.103183 -0.046084 -0.189308 0.443723 -0.875941 0.235602 0.750000
-0.884302 -0.132577 -0.055601 -0.054783 -0.041248 -0.997646 0.240838 0.666667
-0.900172 -0.073209 -0.022082 -0.281599 0.807192 -0.518790 0.240838 0.833333
-0.901004 -0.062814 0.012620 -0.293462 0.955698 -0.022857 0.240838 0.916667
-0.881533 -0.065792 0.046734 -0.228716 0.847401 0.479166 0.246073 1.000000
-0.872479 -0.089190 0.072878 -0.099333 0.513024 0.852607 0.246073 0.083333
-0.896331 -0.070344 0.047754 -0.226646 0.847963 0.479156 0.240838 0.000000
-0.861560 -0.122215 0.083032 0.056649 0.041217 0.997543 0.246073 0.166667
-0.851702 -0.156017 0.074476 0.197437 -0.441578 0.875230 0.246073 0.250000
-0.845547 -0.181539 0.049502 0.285332 -0.806063 0.518506 0.246073 0.333333
-0.844744 -0.191943 0.014803 0.296810 -0.954661 0.022923 0.246073 0.416667
-0.849507 -0.184441 -0.020325 0.228792 -0.847576 -0.478820 0.246073 0.500000
-0.858562 -0.161042 -0.046469 0.099479 -0.513434 -0.852343 0.246073 0.583333
-0.894059 -0.098744 -0.047052 -0.194225 0.442240 -0.875614 0.240838 0.750000
-0.869481 -0.128018 -0.056623 -0.056508 -0.041684 -0.997532 0.246073 0.666667
-0.885493 -0.068694 -0.023094 -0.285333 0.806012 -0.518584 0.246073 0.833333
-0.886297 -0.058290 0.011606 -0.296807 0.954666 -0.022748 0.246073 0.916667
-0.866740 -0.061194 0.045695 -0.230530 0.846907 0.479170 0.251309 1.000000
-0.857617 -0.084571 0.071834 -0.100177 0.512881 0.852595 0.251309 0.083333
-0.881533 -0.065792 0.046734 -0.228716 0.847401 0.479166 0.246073 0.000000
-0.846615 -0.117569 0.081983 0.057014 0.041426 0.997514 0.251309 0.166667
-0.836681 -0.151347 0.073422 0.198915 -0.441095 0.875139 0.251309 0.250000
-0.830477 -0.176855 0.048445 0.287515 -0.805411 0.518313 0.251309 0.333333
-0.829666 -0.187256 0.013744 0.299093 -0.953955 0.022656 0.251309 0.416667
-0.834465 -0.179765 -0.021381 0.230552 -0.846960 -0.479066 0.251309 0.500000
-0.843588 -0.156388 -0.047520 0.100248 -0.513077 -0.852468 0.251309 0.583333
-0.879338 -0.094216 -0.048067 -0.197369 0.441291 -0.875390 0.246073 0.750000
-0.854590 -0.123389 -0.057669 -0.056922 -0.041717 -0.997507 0.251309 0.666667
-0.870728 -0.064104 -0.024130 -0.287502 0.805313 -0.518472 0.251309 0.833333
-0.871539 -0.053702 0.010570 -0.299099 0.953952 -0.022695 0.251309 0.916667
-0.851930 -0.056560 0.044658 -0.231990 0.846516 0.479157 0.256545 1.000000
-0.842796 -0.079933 0.070797 -0.101486 0.512587 0.852617 0.256545 0.083333
-0.866740 -0.061194 0.045695 -0.230530 0.846907 0.479170 0.251309 0.000000
-0.831758 -0.112921 0.080943 0.056218 0.041277 0.997565 0.256545 0.166667
-0.821775 -0.146683 0.072378 0.198850 -0.441083 0.875160 0.256545 0.250000
-0.815520 -0.172175 0.047397 0.288187 -0.805219 0.518237 0.256545 0.333333
-0.814671 -0.182564 0.012694 0.300301 -0.953579 0.022478 0.256545 0.416667
-0.819454 -0.175068 -0.022432 0.231961 -0.846455 -0.479278 0.256545 0.500000
-0.828588 -0.151695 -0.048570 0.101483 -0.512576 -0.852624 0.256545 0.583333
-0.864524 -0.089611 -0.049107 -0.198852 0.440854 -0.875274 0.251309 0.750000
-0.839626 -0.118707 -0.058716 -0.056180 -0.041386 -0.997563 0.256545 0.666667
-0.849610 -0.084944 -0.050152 -0.198798 0.440903 -0.875262 0.256545 0.750000
-0.856714 -0.049064 0.009532 -0.300315 0.953570 -0.022704 0.256545 0.916667
-0.837081 -0.051902 0.043640 -0.232993 0.846261 0.479121 0.261780 1.000000
-0.827989 -0.075289 0.069781 -0.103111 0.512188 0.852661 0.261780 0.083333
-0.851930 -0.056560 0.044658 -0.231990 0.846516 0.479157 0.256545 0.000000
-0.816964 -0.108280 0.079928 0.054418 0.040813 0.997684 0.261780 0.166667
-0.806960 -0.142036 0.071361 0.197362 -0.441509 0.875282 0.261780 0.250000
-0.800657 -0.167512 0.046378 0.287401 -0.805477 0.518273 0.261780 0.333333
-0.799745 -0.177882 0.011670 0.300408 -0.953548 0.022390 0.261780 0.416667
-0.804467 -0.170367 -0.023460 0.232919 -0.846096 -0.479448 0.261780 0.500000
-0.813559 -0.146980 -0.049601 0.103037 -0.511979 -0.852796 0.261780 0.583333
-0.824584 -0.113989 -0.059748 -0.054437 -0.040739 -0.997686 0.261780 0.666667
-0.855864 -0.059453 -0.025171 -0.288161 0.805089 -0.518455 0.256545 0.833333
-0.834588 -0.080232 -0.051182 -0.197327 0.441404 -0.875342 0.261780 0.750000
-0.841803 -0.044387 0.008509 -0.300428 0.953533 -0.022776 0.261780 0.916667
-0.822172 -0.047232 0.042654 -0.233444 0.846173 0.479057 0.267016 1.000000
-0.813173 -0.070648 0.068801 -0.104905 0.511732 0.852716 0.267016 0.083333
-0.837081 -0.051902 0.043640 -0.232993 0.846261 0.479121 0.261780 0.000000
-0.802208 -0.103658 0.078952 0.051770 0.040088 0.997854 0.267016 0.166667
-0.792215 -0.137418 0.070386 0.194577 -0.442334 0.875489 0.267016 0.250000
-0.785871 -0.162881 0.045400 0.285217 -0.806165 0.518410 0.267016 0.333333
-0.784876 -0.173225 0.010687 0.299393 -0.953867 0.022391 0.267016 0.416667
-0.789498 -0.165678 -0.024450 0.233330 -0.845914 -0.479569 0.267016 0.500000
-0.798496 -0.142262 -0.050597 0.104764 -0.511333 -0.852973 0.267016 0.583333
-0.809461 -0.109252 -0.060748 -0.051847 -0.039826 -0.997861 0.267016 0.666667
-0.840891 -0.054756 -0.026198 -0.287365 0.805327 -0.518527 0.261780 0.833333
-0.819455 -0.075492 -0.052183 -0.194563 0.442317 -0.875501 0.267016 0.750000
-0.826793 -0.039685 0.007516 -0.299415 0.953848 -0.022909 0.267016 0.916667
-0.807183 -0.042563 0.041713 -0.233247 0.846282 0.478960 0.272251 1.000000
-0.798325 -0.066022 0.067869 -0.106722 0.511267 0.852770 0.272251 0.083333
-0.822172 -0.047232 0.042654 -0.233444 0.846173 0.479057 0.267016 0.000000
-0.787466 -0.099066 0.078027 0.048433 0.039154 0.998059 0.272251 0.166667
-0.777517 -0.132839 0.069464 0.190621 -0.443509 0.875764 0.272251 0.250000
-0.771144 -0.158294 0.044476 0.281697 -0.807258 0.518634 0.272251 0.333333
-0.770054 -0.168608 0.009757 0.297237 -0.954539 0.022473 0.272251 0.416667
-0.774539 -0.161019 -0.025389 0.233100 -0.845938 -0.479639 0.272251 0.500000
-0.783398 -0.137559 -0.051545 0.106519 -0.510686 -0.853143 0.272251 0.583333
-0.794256 -0.104516 -0.061702 -0.048569 -0.038702 -0.998070 0.272251 0.666667
-0.825798 -0.050029 -0.027196 -0.285175 0.806008 -0.518678 0.267016 0.833333
-0.804205 -0.070742 -0.053140 -0.190633 0.443594 -0.875719 0.272251 0.750000
-0.811669 -0.034974 0.006567 -0.297259 0.954517 -0.023097 0.272251 0.916667
-0.792098 -0.037910 0.040829 -0.232308 0.846614 0.478831 0.277487 1.000000
-0.783423 -0.061426 0.066996 -0.108417 0.510840 0.852812 0.277487 0.083333
-0.807183 -0.042563 0.041713 -0.233247 0.846282 0.478960 0.272251 0.000000
-0.772716 -0.094516 0.077162 0.044564 0.038067 0.998281 0.277487 0.166667
-0.762848 -0.128315 0.068604 0.185622 -0.444987 0.876088 0.277487 0.250000
-0.756461 -0.153765 0.043615 0.276905 -0.808725 0.518928 0.277487 0.333333
-0.755268 -0.164047 0.008890 0.293921 -0.955562 0.022628 0.277487 0.416667
-0.759587 -0.156407 -0.026265 0.232135 -0.846193 -0.479657 0.277487 0.500000
-0.768263 -0.132891 -0.052432 0.108159 -0.510086 -0.853296 0.277487 0.583333
-0.778969 -0.099801 -0.062598 -0.044758 -0.037423 -0.998297 0.277487 0.666667
-0.810579 -0.045288 -0.028151 -0.281653 0.807106 -0.518895 0.272251 0.833333
-0.788838 -0.066002 -0.054041 -0.185665 0.445187 -0.875978 0.277487 0.750000
-0.796418 -0.030270 0.005673 -0.293942 0.955539 -0.023330 0.277487 0.916667
-0.776899 -0.033289 0.040008 -0.230532 0.847190 0.478670 0.282723 1.000000
-0.768447 -0.056873 0.066187 -0.109847 0.510496 0.852835 0.282723 0.083333
-0.792098 -0.037910 0.040829 -0.232308 0.846614 0.478831 0.277487 0.000000
-0.757938 -0.090023 0.076364 0.040318 0.036884 0.998506 0.282723 0.166667
-0.748187 -0.123857 0.067812 0.179704 -0.446716 0.876443 0.282723 0.250000
-0.741807 -0.149309 0.042824 0.270900 -0.810534 0.519277 0.282723 0.333333
-0.740508 -0.159559 0.008093 0.289426 -0.956928 0.022845 0.282723 0.416667
-0.744638 -0.151861 -0.027073 0.230340 -0.846701 -0.479625 0.282723 0.500000
-0.753090 -0.128278 -0.053251 0.109538 -0.509577 -0.853424 0.282723 0.583333
-0.763600 -0.095128 -0.063428 -0.040570 -0.036044 -0.998526 0.282723 0.666667
-0.795224 -0.040552 -0.029051 -0.276860 0.808592 -0.519161 0.277487 0.833333
-0.773351 -0.061294 -0.054877 -0.179781 0.447044 -0.876260 0.282723 0.750000
-0.779730 -0.035841 -0.029888 -0.270859 0.810430 -0.519459 0.282723 0.833333
-0.761571 -0.028716 0.039257 -0.227825 0.848027 0.478483 0.287958 1.000000
-0.781029 -0.025591 0.004842 -0.289444 0.956904 -0.023598 0.282723 0.916667
-0.753379 -0.052377 0.065448 -0.110866 0.510277 0.852834 0.287958 0.083333
-0.776899 -0.033289 0.040008 -0.230532 0.847190 0.478670 0.282723 0.000000
-0.743111 -0.085599 0.075637 0.035849 0.035659 0.998721 0.287958 0.166667
-0.733517 -0.119480 0.067093 0.172991 -0.448640 0.876810 0.287958 0.250000
-0.727170 -0.144941 0.042106 0.263742 -0.812645 0.519662 0.287958 0.333333
-0.725769 -0.155161 0.007371 0.283733 -0.958625 0.023112 0.287958 0.416667
-0.729690 -0.147401 -0.027805 0.227622 -0.847480 -0.479547 0.287958 0.500000
-0.737882 -0.123740 -0.053997 0.110515 -0.509201 -0.853523 0.287958 0.583333
-0.748151 -0.090518 -0.064186 -0.036155 -0.034622 -0.998746 0.287958 0.666667
-0.757744 -0.056637 -0.055642 -0.173106 0.449109 -0.876548 0.287958 0.750000
-0.764091 -0.031175 -0.030654 -0.263710 0.812583 -0.519775 0.287958 0.833333
-0.746100 -0.024208 0.038579 -0.224095 0.849138 0.478274 0.293194 1.000000
-0.765492 -0.020955 0.004081 -0.283744 0.958602 -0.023889 0.287958 0.916667
-0.738201 -0.047955 0.064783 -0.111333 0.510221 0.852807 0.293194 0.083333
-0.761571 -0.028716 0.039257 -0.227825 0.848027 0.478483 0.287958 0.000000
-0.728216 -0.081259 0.074984 0.031311 0.034447 0.998916 0.293194 0.166667
-0.718823 -0.115198 0.066449 0.165606 -0.450706 0.877177 0.293194 0.250000
-0.712537 -0.140678 0.041465 0.255494 -0.815016 0.520069 0.293194 0.333333
-0.711043 -0.150871 0.006725 0.276823 -0.960636 0.023415 0.293194 0.416667
-0.714741 -0.143046 -0.028461 0.223889 -0.848541 -0.479429 0.293194 0.500000
-0.722641 -0.119300 -0.054665 0.110950 -0.508994 -0.853589 0.293194 0.583333
-0.732625 -0.085995 -0.064866 -0.031668 -0.033207 -0.998947 0.293194 0.666667
-0.742018 -0.052056 -0.056331 -0.165760 0.451330 -0.876827 0.293194 0.750000
-0.748304 -0.026576 -0.031347 -0.255471 0.815010 -0.520091 0.293194 0.833333
-0.730472 -0.019786 0.037974 -0.219250 0.850527 0.478051 0.298429 1.000000
-0.749798 -0.016383 0.003393 -0.276826 0.960616 -0.024190 0.293194 0.916667
-0.722895 -0.043624 0.064191 -0.111109 0.510359 0.852754 0.298429 0.083333
-0.746100 -0.024208 0.038579 -0.224095 0.849138 0.478274 0.293194 0.000000
-0.713238 -0.077021 0.074405 0.026853 0.033297 0.999085 0.298429 0.166667
-0.704088 -0.111029 0.065880 0.157669 -0.452859 0.877530 0.298429 0.250000
-0.697898 -0.136535 0.040899 0.246209 -0.817605 0.520484 0.298429 0.333333
-0.696325 -0.146706 0.006156 0.268673 -0.962939 0.023745 0.298429 0.416667
-0.699791 -0.138815 -0.029039 0.219045 -0.849890 -0.479277 0.298429 0.500000
-0.707368 -0.114978 -0.055255 0.110699 -0.508990 -0.853624 0.298429 0.583333
-0.717026 -0.081581 -0.065469 -0.027258 -0.031852 -0.999121 0.298429 0.666667
-0.726175 -0.047573 -0.056944 -0.157864 0.453650 -0.877086 0.298429 0.750000
-0.732366 -0.022066 -0.031963 -0.246199 0.817665 -0.520394 0.298429 0.833333
-0.714676 -0.015470 0.037443 -0.213195 0.852194 0.477820 0.303665 1.000000
-0.733939 -0.011896 0.002780 -0.268669 0.962921 -0.024492 0.298429 0.916667
-0.707448 -0.039402 0.063672 -0.110053 0.510717 0.852676 0.303665 0.083333
-0.730472 -0.019786 0.037974 -0.219250 0.850527 0.478051 0.298429 0.000000
-0.698159 -0.072900 0.073898 0.022626 0.032254 0.999224 0.303665 0.166667
-0.689300 -0.106987 0.065382 0.149297 -0.455048 0.877862 0.303665 0.250000
-0.683243 -0.132530 0.040406 0.235943 -0.820365 0.520895 0.303665 0.333333
-0.681611 -0.142685 0.005661 0.259261 -0.965507 0.024090 0.303665 0.416667
-0.684842 -0.134730 -0.029541 0.212996 -0.851525 -0.479100 0.303665 0.500000
-0.692070 -0.110798 -0.055770 0.109624 -0.509214 -0.853630 0.303665 0.583333
-0.701358 -0.077300 -0.065996 -0.023074 -0.030599 -0.999265 0.303665 0.666667
-0.710218 -0.043213 -0.057480 -0.149534 0.456020 -0.877317 0.303665 0.750000
-0.716275 -0.017670 -0.032504 -0.235950 0.820503 -0.520675 0.303665 0.833333
-0.701697 -0.003265 0.001771 -0.248552 0.968294 -0.025054 0.308901 0.916667
-0.717907 -0.007515 0.002240 -0.259249 0.965493 -0.024782 0.303665 0.916667
-0.691845 -0.035311 0.063220 -0.108035 0.511309 0.852579 0.308901 0.083333
-0.714676 -0.015470 0.037443 -0.213195 0.852194 0.477820 0.303665 0.000000
-0.682967 -0.068917 0.073458 0.018770 0.031354 0.999332 0.308901 0.166667
-0.674446 -0.103092 0.064952 0.140607 -0.457222 0.878167 0.308901 0.250000
-0.668564 -0.128681 0.039981 0.224753 -0.823249 0.521293 0.308901 0.333333
-0.666899 -0.138827 0.005236 0.248571 -0.968305 0.024438 0.308901 0.416667
-0.669895 -0.130811 -0.029974 0.205660 -0.853436 -0.478906 0.308901 0.500000
-0.676751 -0.106781 -0.056213 0.107597 -0.509680 -0.853610 0.308901 0.583333
-0.685628 -0.073175 -0.066452 -0.019253 -0.029489 -0.999380 0.308901 0.666667
-0.694150 -0.039000 -0.057946 -0.140882 0.458386 -0.877516 0.308901 0.750000
-0.700031 -0.013411 -0.032974 -0.224779 0.823474 -0.520926 0.308901 0.833333
-0.698701 -0.011281 0.036981 -0.205849 0.854128 0.477589 0.308901 1.000000
-0.685310 0.000829 0.001366 -0.236632 0.971270 -0.025310 0.314136 0.916667
-0.676081 -0.031373 0.062831 -0.105013 0.512119 0.852471 0.314136 0.083333
-0.698701 -0.011281 0.036981 -0.205849 0.854128 0.477589 0.308901 0.000000
-0.667652 -0.065090 0.073080 0.015367 0.030604 0.999413 0.314136 0.166667
-0.659516 -0.099362 0.064584 0.131694 -0.459352 0.878437 0.314136 0.250000
-0.653853 -0.125006 0.039618 0.212726 -0.826206 0.521663 0.314136 0.333333
-0.652181 -0.135150 0.004872 0.236652 -0.971279 0.024775 0.314136 0.416667
-0.654947 -0.127076 -0.030343 0.197038 -0.855581 -0.478704 0.314136 0.500000
-0.661410 -0.102948 -0.056592 0.104573 -0.510378 -0.853568 0.314136 0.583333
-0.669839 -0.069231 -0.066842 -0.015872 -0.028546 -0.999466 0.314136 0.666667
-0.677975 -0.034959 -0.058345 -0.132001 0.460695 -0.877688 0.314136 0.750000
-0.683638 -0.009315 -0.033379 -0.212770 0.826515 -0.521154 0.314136 0.833333
-0.682544 -0.007245 0.036582 -0.197217 0.856288 0.477363 0.314136 1.000000
-0.668754 0.004741 0.001019 -0.223635 0.974338 -0.025547 0.319372 0.916667
-0.660159 -0.027611 0.062497 -0.101061 0.513096 0.852361 0.319372 0.083333
-0.682544 -0.007245 0.036582 -0.197217 0.856288 0.477363 0.314136 0.000000
-0.652212 -0.061442 0.072757 0.012419 0.029990 0.999473 0.319372 0.166667
-0.644504 -0.095815 0.064269 0.122636 -0.461411 0.878670 0.319372 0.250000
-0.639098 -0.121519 0.039309 0.199990 -0.829173 0.521992 0.319372 0.333333
-0.637444 -0.131667 0.004564 0.223655 -0.974346 0.025086 0.319372 0.416667
-0.639985 -0.123541 -0.030656 0.187260 -0.857885 -0.478504 0.319372 0.500000
-0.646040 -0.099316 -0.056914 0.100628 -0.511265 -0.853512 0.319372 0.583333
-0.653987 -0.065485 -0.067174 -0.012931 -0.027770 -0.999531 0.319372 0.666667
-0.661695 -0.031112 -0.058686 -0.122961 0.462908 -0.877837 0.319372 0.750000
-0.667101 -0.005408 -0.033726 -0.200049 0.829556 -0.521361 0.319372 0.833333
-0.666213 -0.003386 0.036239 -0.187428 0.858602 0.477151 0.319372 1.000000
-0.652041 0.008447 0.000724 -0.209748 0.977416 -0.025759 0.324607 0.916667
-0.644085 -0.024046 0.062213 -0.096301 0.514184 0.852257 0.324607 0.083333
-0.666213 -0.003386 0.036239 -0.187428 0.858602 0.477151 0.319372 0.000000
-0.636648 -0.057990 0.072482 0.009892 0.029496 0.999516 0.324607 0.166667
-0.629402 -0.092465 0.064003 0.113498 -0.463371 0.878866 0.324607 0.250000
-0.624288 -0.118234 0.039047 0.186691 -0.832087 0.522281 0.324607 0.333333
-0.622675 -0.128391 0.004303 0.209765 -0.977423 0.025367 0.324607 0.416667
-0.624998 -0.120216 -0.030921 0.176504 -0.860268 -0.478315 0.324607 0.500000
-0.630632 -0.095899 -0.057186 0.095883 -0.512284 -0.853447 0.324607 0.583333
-0.638068 -0.061954 -0.067455 -0.010398 -0.027143 -0.999577 0.324607 0.666667
-0.645315 -0.027479 -0.058976 -0.113830 0.464996 -0.877964 0.324607 0.750000
-0.650429 -0.001710 -0.034020 -0.186763 0.832533 -0.521545 0.324607 0.833333
-0.649719 0.000272 0.035948 -0.176660 0.860989 0.476958 0.324607 1.000000
-0.635183 0.011930 0.000475 -0.195163 0.980428 -0.025945 0.329843 0.916667
-0.627867 -0.020696 0.061973 -0.090856 0.515329 0.852163 0.329843 0.083333
-0.649719 0.000272 0.035948 -0.176660 0.860989 0.476958 0.324607 0.000000
-0.620961 -0.054749 0.072250 0.007753 0.029101 0.999546 0.329843 0.166667
-0.614206 -0.089326 0.063778 0.104345 -0.465210 0.879029 0.329843 0.250000
-0.609410 -0.115160 0.038828 0.172980 -0.834891 0.522528 0.329843 0.333333
-0.607859 -0.125331 0.004084 0.195175 -0.980434 0.025615 0.329843 0.416667
-0.609970 -0.117112 -0.031143 0.164949 -0.862655 -0.478140 0.329843 0.500000
-0.615175 -0.092705 -0.057415 0.090459 -0.513381 -0.853379 0.329843 0.583333
-0.622081 -0.058652 -0.067691 -0.008243 -0.026650 -0.999611 0.329843 0.666667
-0.628837 -0.024075 -0.059219 -0.104676 0.466936 -0.878074 0.329843 0.750000
-0.633633 0.001759 -0.034269 -0.173060 0.835388 -0.521705 0.329843 0.833333
-0.633073 0.003711 0.035702 -0.165095 0.863374 0.476789 0.329843 1.000000
-0.618194 0.015172 0.000266 -0.180070 0.983307 -0.026103 0.335079 0.916667
-0.611515 -0.017575 0.061772 -0.084851 0.516486 0.852082 0.335079 0.083333
-0.633073 0.003711 0.035702 -0.165095 0.863374 0.476789 0.329843 0.000000
-0.605154 -0.051732 0.072055 0.005970 0.028793 0.999568 0.335079 0.166667
-0.598910 -0.086406 0.063590 0.095246 -0.466909 0.879161 0.335079 0.250000
-0.594455 -0.112306 0.038644 0.159005 -0.837535 0.522736 0.335079 0.333333
-0.592983 -0.122491 0.003901 0.180077 -0.983313 0.025831 0.335079 0.416667
-0.594889 -0.114233 -0.031329 0.152780 -0.864981 -0.477981 0.335079 0.500000
-0.599662 -0.089744 -0.057605 0.084482 -0.514510 -0.853312 0.335079 0.583333
-0.606022 -0.055587 -0.067889 -0.006432 -0.026273 -0.999634 0.335079 0.666667
-0.612267 -0.020913 -0.059423 -0.095567 0.468710 -0.878167 0.335079 0.750000
-0.616722 0.004987 -0.034477 -0.159091 0.838074 -0.521844 0.335079 0.833333
-0.616288 0.006914 0.035495 -0.152915 0.865694 0.476647 0.335079 1.000000
-0.601086 0.018163 0.000091 -0.164662 0.986001 -0.026236 0.340314 0.916667
-0.599377 0.009871 0.035323 -0.140303 0.867890 0.476531 0.340314 0.000000
-0.616288 0.006914 0.035495 -0.152915 0.865694 0.476647 0.335079 0.000000
-0.589229 -0.048948 0.071893 0.004508 0.028552 0.999582 0.340314 0.166667
-0.583510 -0.083714 0.063433 0.086269 -0.468455 0.879265 0.340314 0.250000
-0.579412 -0.109676 0.038491 0.144919 -0.839982 0.522905 0.340314 0.333333
-0.578033 -0.119878 0.003749 0.164664 -0.986007 0.026014 0.340314 0.416667
-0.579743 -0.111585 -0.031483 0.140181 -0.867191 -0.477838 0.340314 0.500000
-0.584083 -0.087021 -0.057764 0.078074 -0.515631 -0.853246 0.340314 0.583333
-0.589890 -0.052766 -0.068053 -0.004936 -0.025997 -0.999650 0.340314 0.666667
-0.595609 -0.018001 -0.059593 -0.086572 0.470305 -0.878247 0.340314 0.750000
-0.599707 0.007961 -0.034650 -0.145007 0.840551 -0.521964 0.340314 0.833333
-0.599377 0.009871 0.035323 -0.140303 0.867890 0.476531 0.340314 1.000000
-0.583877 0.020894 -0.000053 -0.149135 0.988466 -0.026344 0.345550 0.916667
-0.595037 -0.014694 0.061604 -0.078411 0.517611 0.852016 0.340314 0.083333
-0.582354 0.012572 0.035181 -0.127445 0.869921 0.476440 0.345550 0.000000
-0.578443 -0.012060 0.061465 -0.071663 0.518671 0.851965 0.345550 0.083333
-0.568004 -0.081253 0.063303 0.077482 -0.469840 0.879344 0.345550 0.250000
-0.564273 -0.107273 0.038364 0.130873 -0.842201 0.523040 0.345550 0.333333
-0.562998 -0.117491 0.003623 0.149131 -0.988471 0.026168 0.345550 0.416667
-0.564520 -0.109169 -0.031610 0.127334 -0.869240 -0.477712 0.345550 0.500000
-0.568431 -0.084537 -0.057895 0.071360 -0.516707 -0.853183 0.345550 0.583333
-0.573684 -0.050195 -0.068189 -0.003722 -0.025805 -0.999660 0.345550 0.666667
-0.578871 -0.015344 -0.059733 -0.077761 0.471713 -0.878317 0.345550 0.750000
-0.582601 0.010676 -0.034793 -0.130961 0.842791 -0.522066 0.345550 0.833333
-0.582354 0.012572 0.035181 -0.127445 0.869921 0.476440 0.345550 1.000000
-0.566580 0.023362 -0.000171 -0.133679 0.990672 -0.026432 0.350785 0.916667
-0.565235 0.015014 0.035063 -0.114522 0.871753 0.476373 0.350785 0.000000
-0.573190 -0.046403 0.071759 0.003335 0.028365 0.999592 0.345550 0.166667
-0.561744 -0.009678 0.061351 -0.064730 0.519639 0.851930 0.350785 0.083333
-0.557041 -0.044099 0.071648 0.002416 0.028216 0.999599 0.350785 0.166667
-0.549028 -0.105099 0.038259 0.117016 -0.844173 0.523143 0.350785 0.333333
-0.547865 -0.115333 0.003520 0.133669 -0.990677 0.026295 0.350785 0.416667
-0.549209 -0.106985 -0.031715 0.114421 -0.871095 -0.477600 0.350785 0.500000
-0.552701 -0.082293 -0.058003 0.064463 -0.517713 -0.853123 0.350785 0.583333
-0.557403 -0.047872 -0.068300 -0.002758 -0.025685 -0.999666 0.350785 0.666667
-0.562058 -0.012946 -0.059848 -0.069203 0.472930 -0.878378 0.350785 0.750000
-0.565416 0.013128 -0.034911 -0.117101 0.844773 -0.522155 0.350785 0.833333
-0.565235 0.015014 0.035063 -0.114522 0.871753 0.476373 0.350785 1.000000
-0.549211 0.025566 -0.000268 -0.118485 0.992602 -0.026501 0.356021 0.916667
-0.548035 0.017197 0.034967 -0.101716 0.873365 0.476328 0.356021 0.000000
-0.544952 -0.007547 0.061257 -0.057738 0.520496 0.851910 0.356021 0.083333
-0.552387 -0.079025 0.063196 0.068952 -0.471062 0.879401 0.350785 0.250000
-0.540787 -0.042036 0.071558 0.001718 0.028096 0.999604 0.356021 0.166667
-0.536658 -0.077029 0.063108 0.060743 -0.472121 0.879438 0.356021 0.250000
-0.532625 -0.113399 0.003434 0.118468 -0.992607 0.026398 0.356021 0.416667
-0.533801 -0.105030 -0.031801 0.101625 -0.872735 -0.477501 0.356021 0.500000
-0.536884 -0.080286 -0.058091 0.057507 -0.518627 -0.853064 0.356021 0.583333
-0.541049 -0.045797 -0.068392 -0.002014 -0.025623 -0.999670 0.356021 0.666667
-0.545178 -0.010804 -0.059943 -0.060965 0.473959 -0.878434 0.356021 0.750000
-0.548166 0.015317 -0.035008 -0.103578 0.846490 -0.522232 0.356021 0.833333
-0.548035 0.017197 0.034967 -0.101716 0.873365 0.476328 0.356021 1.000000
-0.531789 0.027510 -0.000348 -0.103739 0.994250 -0.026554 0.361257 0.916667
-0.530769 0.019124 0.034888 -0.089205 0.874745 0.476301 0.361257 0.000000
-0.528077 -0.005664 0.061180 -0.050808 0.521229 0.851903 0.361257 0.083333
-0.524434 -0.040212 0.071483 0.001208 0.027991 0.999607 0.361257 0.166667
-0.533670 -0.103150 0.038174 0.103496 -0.845891 0.523219 0.356021 0.333333
-0.520816 -0.075262 0.063036 0.052924 -0.473024 0.879458 0.361257 0.250000
-0.517266 -0.111685 0.003365 0.103719 -0.994254 0.026480 0.361257 0.416667
-0.518286 -0.103299 -0.031872 0.089126 -0.874148 -0.477412 0.361257 0.500000
-0.520978 -0.078511 -0.058163 0.050613 -0.519439 -0.853008 0.361257 0.583333
-0.524621 -0.043964 -0.068466 -0.001457 -0.025608 -0.999671 0.361257 0.666667
-0.528239 -0.008914 -0.060020 -0.053113 0.474807 -0.878486 0.361257 0.750000
-0.530862 0.017248 -0.035087 -0.090536 0.847941 -0.522301 0.361257 0.833333
-0.530769 0.019124 0.034888 -0.089205 0.874745 0.476301 0.361257 1.000000
-0.514328 0.029202 -0.000413 -0.089627 0.995620 -0.026595 0.366492 0.916667
-0.513454 0.020801 0.034824 -0.077167 0.875894 0.476292 0.366492 0.000000
-0.511134 -0.004023 0.061117 -0.044062 0.521834 0.851909 0.366492 0.083333
-0.507988 -0.038619 0.071422 0.000851 0.027895 0.999610 0.366492 0.166667
-0.518193 -0.101423 0.038103 0.090461 -0.847353 0.523269 0.361257 0.333333
-0.504861 -0.073716 0.062977 0.045555 -0.473782 0.879463 0.366492 0.250000
-0.502589 -0.099912 0.038046 0.078052 -0.848568 0.523297 0.366492 0.333333
-0.502656 -0.101785 -0.031929 0.077098 -0.875335 -0.477331 0.366492 0.500000
-0.504976 -0.076961 -0.058223 0.043902 -0.520141 -0.852952 0.366492 0.583333
-0.508122 -0.042365 -0.068528 -0.001056 -0.025631 -0.999671 0.366492 0.666667
-0.511249 -0.007268 -0.060083 -0.045713 0.475483 -0.878536 0.366492 0.750000
-0.513521 0.018928 -0.035151 -0.078120 0.849136 -0.522365 0.366492 0.833333
-0.513454 0.020801 0.034824 -0.077167 0.875894 0.476292 0.366492 1.000000
-0.496847 0.030652 -0.000465 -0.076328 0.996727 -0.026627 0.371728 0.916667
-0.496107 0.022241 0.034772 -0.065773 0.876821 0.476297 0.371728 0.000000
-0.494134 -0.002612 0.061066 -0.037619 0.522310 0.851926 0.371728 0.083333
-0.491456 -0.037247 0.071372 0.000616 0.027799 0.999613 0.371728 0.166667
-0.488792 -0.072383 0.062929 0.038697 -0.474407 0.879455 0.371728 0.250000
-0.501782 -0.110185 0.003307 0.089603 -0.995624 0.026544 0.366492 0.416667
-0.486854 -0.098606 0.037998 0.066409 -0.849552 0.523307 0.371728 0.333333
-0.486903 -0.100478 -0.031977 0.065712 -0.876304 -0.477256 0.371728 0.500000
-0.488876 -0.075625 -0.058271 0.037490 -0.520734 -0.852895 0.371728 0.583333
-0.491554 -0.040991 -0.068578 -0.000778 -0.025684 -0.999670 0.371728 0.666667
-0.494218 -0.005854 -0.060134 -0.038825 0.476003 -0.878586 0.371728 0.750000
-0.496156 0.020369 -0.035203 -0.066469 0.850089 -0.522427 0.371728 0.833333
-0.496107 0.022241 0.034772 -0.065773 0.876821 0.476297 0.371728 1.000000
-0.479364 0.031877 -0.000508 -0.064016 0.997593 -0.026652 0.376963 0.916667
-0.478745 0.023457 0.034729 -0.055189 0.877541 0.476315 0.376963 0.000000
-0.477091 -0.001419 0.061024 -0.031593 0.522665 0.851953 0.376963 0.083333
-0.474846 -0.036084 0.071331 0.000467 0.027699 0.999616 0.376963 0.166667
-0.472611 -0.071250 0.062889 0.032409 -0.474915 0.879435 0.376963 0.250000
-0.486163 -0.108890 0.003260 0.076302 -0.996730 0.026593 0.371728 0.416667
-0.470985 -0.097495 0.037959 0.055666 -0.850328 0.523300 0.376963 0.333333
-0.471022 -0.099366 -0.032016 0.055136 -0.877071 -0.477186 0.376963 0.500000
-0.472675 -0.074491 -0.058311 0.031492 -0.521225 -0.852838 0.376963 0.583333
-0.474920 -0.039826 -0.068619 -0.000592 -0.025760 -0.999668 0.376963 0.666667
-0.477156 -0.004660 -0.060176 -0.032510 0.476381 -0.878638 0.376963 0.750000
-0.478782 0.021585 -0.035246 -0.055718 0.850825 -0.522487 0.376963 0.833333
-0.478745 0.023457 0.034729 -0.055189 0.877541 0.476315 0.376963 1.000000
-0.461895 0.032893 -0.000544 -0.052860 0.998246 -0.026671 0.382199 0.916667
-0.461385 0.024467 0.034694 -0.045579 0.878077 0.476343 0.382199 0.000000
-0.460020 -0.000425 0.060990 -0.026098 0.522909 0.851989 0.382199 0.083333
-0.458167 -0.035113 0.071298 0.000374 0.027590 0.999619 0.382199 0.166667
-0.456321 -0.070303 0.062856 0.026750 -0.475323 0.879405 0.382199 0.250000
-0.470403 -0.107787 0.003221 0.063988 -0.997595 0.026630 0.376963 0.416667
-0.454978 -0.096564 0.037927 0.045955 -0.850922 0.523278 0.382199 0.333333
-0.455007 -0.098435 -0.032048 0.045535 -0.877659 -0.477118 0.382199 0.500000
-0.456372 -0.073543 -0.058344 0.026022 -0.521623 -0.852779 0.382199 0.583333
-0.458225 -0.038855 -0.068652 -0.000466 -0.025856 -0.999666 0.382199 0.666667
-0.460071 -0.003665 -0.060211 -0.026825 0.476637 -0.878691 0.382199 0.750000
-0.461414 0.022596 -0.035281 -0.045998 0.851368 -0.522548 0.382199 0.833333
-0.461385 0.024467 0.034694 -0.045579 0.878077 0.476343 0.382199 1.000000
-0.444458 0.033724 -0.000573 -0.042976 0.998720 -0.026684 0.387435 0.916667
-0.444042 0.025293 0.034665 -0.037048 0.878459 0.476379 0.387435 0.000000
-0.442932 0.000388 0.060961 -0.021203 0.523062 0.852031 0.387435 0.083333
-0.441425 -0.034316 0.071270 0.000322 0.027480 0.999622 0.387435 0.166667
-0.439925 -0.069522 0.062829 0.021762 -0.475643 0.879369 0.387435 0.250000
-0.454497 -0.106861 0.003189 0.052833 -0.998248 0.026656 0.382199 0.416667
-0.438833 -0.095796 0.037900 0.037369 -0.851360 0.523249 0.387435 0.333333
-0.438858 -0.097666 -0.032075 0.037015 -0.878095 -0.477053 0.387435 0.500000
-0.439968 -0.072762 -0.058371 0.021148 -0.521938 -0.852721 0.387435 0.583333
-0.441475 -0.038057 -0.068680 -0.000387 -0.025961 -0.999663 0.387435 0.666667
-0.442975 -0.002851 -0.060239 -0.021817 0.476797 -0.878743 0.387435 0.750000
-0.444067 0.023422 -0.035310 -0.037403 0.851754 -0.522605 0.387435 0.833333
-0.444042 0.025293 0.034665 -0.037048 0.878459 0.476379 0.387435 1.000000
-0.427053 0.034391 -0.000596 -0.034289 0.999056 -0.026684 0.392670 0.916667
-0.426718 0.025957 0.034642 -0.029506 0.878724 0.476417 0.392670 0.000000
-0.425829 0.001044 0.060938 -0.016824 0.523160 0.852068 0.392670 0.083333
-0.424626 -0.033672 0.071247 0.000364 0.027391 0.999625 0.392670 0.166667
-0.423430 -0.068890 0.062807 0.017455 -0.475872 0.879341 0.392670 0.250000
-0.438442 -0.106097 0.003163 0.042954 -0.998721 0.026677 0.387435 0.416667
-0.422561 -0.095172 0.037878 0.029869 -0.851668 0.523230 0.392670 0.333333
-0.422588 -0.097042 -0.032097 0.029484 -0.878412 -0.476993 0.392670 0.500000
-0.423476 -0.072129 -0.058394 0.016787 -0.522178 -0.852671 0.392670 0.583333
-0.424680 -0.037413 -0.068703 -0.000410 -0.026051 -0.999660 0.392670 0.666667
-0.425876 -0.002196 -0.060262 -0.017495 0.476900 -0.878783 0.392670 0.750000
-0.426745 0.024087 -0.035333 -0.029894 0.852026 -0.522645 0.392670 0.833333
-0.426718 0.025957 0.034642 -0.029506 0.878724 0.476417 0.392670 1.000000
-0.409671 0.034916 -0.000618 -0.026543 0.999292 -0.026671 0.397906 0.916667
-0.409400 0.026480 0.034620 -0.022672 0.878907 0.476455 0.397906 0.000000
-0.408704 0.001562 0.060917 -0.012732 0.523226 0.852099 0.397906 0.083333
-0.407769 -0.033163 0.071226 0.000618 0.027333 0.999626 0.397906 0.166667
-0.406846 -0.068389 0.062786 0.013804 -0.476023 0.879324 0.397906 0.250000
-0.405956 -0.104984 0.003120 0.026534 -0.999290 0.026734 0.397906 0.416667
-0.422253 -0.105476 0.003141 0.034273 -0.999056 0.026701 0.392670 0.416667
-0.406227 -0.096548 -0.032117 0.022660 -0.878645 -0.476938 0.397906 0.500000
-0.406923 -0.071630 -0.058414 0.012708 -0.522360 -0.852630 0.397906 0.583333
-0.407858 -0.036905 -0.068724 -0.000650 -0.026124 -0.999659 0.397906 0.666667
-0.408781 -0.001679 -0.060283 -0.013833 0.476972 -0.878810 0.397906 0.750000
-0.409444 0.024609 -0.035355 -0.023309 0.852220 -0.522665 0.397906 0.833333
-0.409400 0.026480 0.034620 -0.022672 0.878907 0.476455 0.397906 1.000000
-0.392303 0.035313 -0.000643 -0.019444 0.999456 -0.026648 0.403141 0.916667
-0.392078 0.026876 0.034595 -0.016226 0.879031 0.476489 0.403141 0.000000
-0.391548 0.001953 0.060892 -0.008665 0.523274 0.852120 0.403141 0.083333
-0.390856 -0.032777 0.071202 0.001217 0.027306 0.999626 0.403141 0.166667
-0.406183 -0.094677 0.037857 0.023291 -0.851874 0.523228 0.397906 0.333333
-0.390187 -0.068008 0.062762 0.010774 -0.476109 0.879320 0.403141 0.250000
-0.389581 -0.104610 0.003097 0.019439 -0.999452 0.026779 0.403141 0.416667
-0.389806 -0.096173 -0.032141 0.016220 -0.878817 -0.476884 0.403141 0.500000
-0.390336 -0.071251 -0.058438 0.008650 -0.522498 -0.852596 0.403141 0.583333
-0.391028 -0.036521 -0.068748 -0.001239 -0.026179 -0.999657 0.403141 0.666667
-0.391697 -0.001289 -0.060308 -0.010795 0.477026 -0.878823 0.403141 0.750000
-0.392164 0.025004 -0.035380 -0.017457 0.852358 -0.522666 0.403141 0.833333
-0.392078 0.026876 0.034595 -0.016226 0.879031 0.476489 0.403141 1.000000
-0.374938 0.035591 -0.000679 -0.012694 0.999565 -0.026618 0.408377 0.916667
-0.374739 0.027153 0.034559 -0.009843 0.879111 0.476516 0.408377 0.000000
-0.374355 0.002228 0.060857 -0.004357 0.523312 0.852130 0.408377 0.083333
-0.373889 -0.032506 0.071167 0.002295 0.027307 0.999624 0.408377 0.166667
-0.373200 -0.094037 0.037800 0.012141 -0.852073 0.523282 0.408377 0.333333
-0.389721 -0.094301 0.037834 0.017445 -0.852004 0.523245 0.403141 0.333333
-0.373161 -0.104348 0.003063 0.012695 -0.999559 0.026839 0.408377 0.416667
-0.373361 -0.095911 -0.032175 0.009844 -0.878941 -0.476828 0.408377 0.500000
-0.373745 -0.070986 -0.058472 0.004352 -0.522599 -0.852568 0.408377 0.583333
-0.374211 -0.036252 -0.068783 -0.002306 -0.026212 -0.999654 0.408377 0.666667
-0.374634 -0.001016 -0.060343 -0.008346 0.477072 -0.878825 0.408377 0.750000
-0.374900 0.025280 -0.035415 -0.012147 0.852459 -0.522652 0.408377 0.833333
-0.374739 0.027153 0.034559 -0.009843 0.879111 0.476516 0.408377 1.000000
-0.357570 0.035752 -0.000735 -0.005998 0.999629 -0.026584 0.413613 0.916667
-0.357374 0.027314 0.034503 -0.003200 0.879151 0.476533 0.413613 0.000000
-0.357118 0.002388 0.060801 0.000453 0.523339 0.852125 0.413613 0.083333
-0.356698 -0.067586 0.062674 0.006451 -0.476128 0.879352 0.413613 0.250000
-0.373466 -0.067741 0.062728 0.008334 -0.476141 0.879330 0.408377 0.250000
-0.356646 -0.093884 0.037747 0.007190 -0.852091 0.523344 0.413613 0.333333
-0.356730 -0.104196 0.003010 0.006004 -0.999620 0.026918 0.413613 0.416667
-0.356925 -0.095758 -0.032228 0.003207 -0.879024 -0.476766 0.413613 0.500000
-0.357181 -0.070832 -0.058525 -0.000450 -0.522661 -0.852540 0.413613 0.583333
-0.357429 -0.036096 -0.068837 -0.003988 -0.026220 -0.999648 0.413613 0.666667
-0.357601 -0.000858 -0.060398 -0.006455 0.477120 -0.878815 0.413613 0.750000
-0.357653 0.025440 -0.035471 -0.007191 0.852533 -0.522624 0.413613 0.833333
-0.357374 0.027314 0.034503 -0.003200 0.879151 0.476533 0.413613 1.000000
-0.340190 0.035795 -0.000823 0.000942 0.999647 -0.026553 0.418848 0.916667
-0.339974 0.027358 0.034415 0.004029 0.879148 0.476532 0.418848 0.000000
-0.339806 -0.032305 0.071026 0.006426 0.027368 0.999605 0.418848 0.166667
-0.356871 -0.032348 0.071112 0.003985 0.027330 0.999619 0.413613 0.166667
-0.339899 -0.067544 0.062588 0.005096 -0.476077 0.879389 0.418848 0.250000
-0.340087 -0.093842 0.037663 0.002404 -0.852064 0.523433 0.418848 0.333333
-0.340321 -0.104155 0.002927 -0.000931 -0.999634 0.027022 0.418848 0.416667
-0.340537 -0.095717 -0.032311 -0.004016 -0.879062 -0.476691 0.418848 0.500000
-0.340677 -0.070791 -0.058609 -0.006025 -0.522679 -0.852508 0.418848 0.583333
-0.340705 -0.036054 -0.068921 -0.006419 -0.026194 -0.999636 0.418848 0.666667
-0.340612 -0.000816 -0.060484 -0.005092 0.477177 -0.878792 0.418848 0.750000
-0.340423 0.025483 -0.035559 -0.002397 0.852583 -0.522586 0.418848 0.833333
-0.339974 0.027358 0.034415 0.004029 0.879148 0.476532 0.418848 1.000000
-0.322792 0.035713 -0.000957 0.008430 0.999612 -0.026534 0.424084 0.916667
-0.339833 0.002431 0.060713 0.006037 0.523347 0.852098 0.418848 0.083333
-0.322530 0.027275 0.034280 0.012178 0.879089 0.476503 0.424084 0.000000
-0.322699 -0.032386 0.070893 0.009760 0.027409 0.999577 0.424084 0.166667
-0.323086 -0.067623 0.062459 0.004243 -0.475994 0.879438 0.424084 0.250000
-0.323551 -0.093920 0.037535 -0.002408 -0.851989 0.523554 0.424084 0.333333
-0.323971 -0.104231 0.002801 -0.008410 -0.999596 0.027161 0.424084 0.416667
-0.324234 -0.095794 -0.032436 -0.012156 -0.879041 -0.476591 0.424084 0.500000
-0.324268 -0.070868 -0.058736 -0.012643 -0.522638 -0.852461 0.424084 0.583333
-0.324064 -0.036133 -0.069050 -0.009741 -0.026120 -0.999611 0.424084 0.666667
-0.323678 -0.000896 -0.060615 -0.004226 0.477252 -0.878757 0.424084 0.750000
-0.323213 0.025402 -0.035692 0.002426 0.852611 -0.522541 0.424084 0.833333
-0.322530 0.027275 0.034280 0.012178 0.879089 0.476503 0.424084 1.000000
-0.305373 0.035493 -0.001155 0.016772 0.999507 -0.026539 0.429319 0.916667
-0.322496 0.002349 0.060579 0.012665 0.523324 0.852040 0.424084 0.083333
-0.305036 0.027054 0.034082 0.021585 0.878949 0.476427 0.429319 0.000000
-0.305558 -0.032603 0.070699 0.014135 0.027436 0.999524 0.429319 0.166667
-0.306277 -0.067835 0.062268 0.003866 -0.475886 0.879499 0.429319 0.250000
-0.307068 -0.094129 0.037349 -0.007435 -0.851861 0.523715 0.429319 0.333333
-0.307719 -0.104437 0.002617 -0.016739 -0.999486 0.027350 0.429319 0.416667
-0.308056 -0.095998 -0.032619 -0.021551 -0.878938 -0.476449 0.429319 0.500000
-0.307988 -0.071074 -0.058920 -0.020585 -0.522514 -0.852382 0.429319 0.583333
-0.307534 -0.036342 -0.069237 -0.014098 -0.025981 -0.999563 0.429319 0.666667
-0.306815 -0.001109 -0.060806 -0.003830 0.477350 -0.878705 0.429319 0.750000
-0.306024 0.025184 -0.035886 0.007469 0.852609 -0.522497 0.429319 0.833333
-0.305036 0.027054 0.034082 0.021585 0.878949 0.476427 0.429319 1.000000
-0.287927 0.035115 -0.001434 0.026285 0.999301 -0.026589 0.434555 0.916667
-0.287653 0.001752 0.060103 0.030197 0.523068 0.851756 0.434555 0.083333
-0.305104 0.002129 0.060382 0.020620 0.523243 0.851934 0.429319 0.083333
-0.288388 -0.032974 0.070424 0.019708 0.027423 0.999430 0.434555 0.166667
-0.289491 -0.068198 0.062000 0.003944 -0.475758 0.879568 0.434555 0.250000
-0.290668 -0.094483 0.037086 -0.012872 -0.851665 0.523928 0.434555 0.333333
-0.291603 -0.104785 0.002359 -0.026232 -0.999275 0.027609 0.434555 0.416667
-0.292046 -0.096344 -0.032876 -0.032554 -0.878714 -0.476238 0.434555 0.500000
-0.291877 -0.071422 -0.059178 -0.030142 -0.522268 -0.852249 0.434555 0.583333
-0.291142 -0.036696 -0.069499 -0.019645 -0.025749 -0.999475 0.434555 0.666667
-0.290039 -0.001472 -0.061075 -0.003878 0.477481 -0.878634 0.434555 0.750000
-0.288862 0.024813 -0.036161 0.012933 0.852565 -0.522461 0.434555 0.833333
-0.287484 0.026674 0.033801 0.032603 0.878690 0.476278 0.434555 1.000000
-0.270450 0.034556 -0.001818 0.037297 0.998947 -0.026715 0.439791 0.916667
-0.270142 0.001192 0.059718 0.041698 0.522746 0.851468 0.439791 0.083333
-0.287484 0.026674 0.033801 0.032603 0.878690 0.476278 0.434555 0.000000
-0.271197 -0.033524 0.070047 0.026642 0.027336 0.999271 0.439791 0.166667
-0.272750 -0.068733 0.061632 0.004456 -0.475617 0.879641 0.439791 0.250000
-0.274386 -0.095003 0.036729 -0.018920 -0.851379 0.524209 0.439791 0.333333
-0.275667 -0.105294 0.002010 -0.037217 -0.998916 0.027973 0.439791 0.416667
-0.276248 -0.096849 -0.033222 -0.045526 -0.878310 -0.475919 0.439791 0.500000
-0.275975 -0.071930 -0.059526 -0.041618 -0.521845 -0.852024 0.439791 0.583333
-0.274920 -0.037214 -0.069855 -0.026544 -0.025389 -0.999325 0.439791 0.666667
-0.273366 -0.002005 -0.061440 -0.004348 0.477652 -0.878538 0.439791 0.750000
-0.271730 0.024265 -0.036537 0.019019 0.852457 -0.522451 0.439791 0.833333
-0.269869 0.026111 0.033414 0.045596 0.878252 0.476019 0.439791 1.000000
-0.252940 0.033785 -0.002331 0.050148 0.998378 -0.026963 0.445026 0.916667
-0.252569 0.000417 0.059203 0.055445 0.522199 0.851019 0.445026 0.083333
-0.269869 0.026111 0.033414 0.045596 0.878252 0.476019 0.439791 0.000000
-0.253993 -0.034282 0.069543 0.035114 0.027124 0.999015 0.445026 0.166667
-0.256075 -0.069468 0.061144 0.005385 -0.475473 0.879714 0.445026 0.250000
-0.258256 -0.095713 0.036257 -0.025782 -0.850969 0.524583 0.445026 0.333333
-0.259952 -0.105986 0.001550 -0.050029 -0.998341 0.028488 0.445026 0.416667
-0.260709 -0.097532 -0.033676 -0.060847 -0.877644 -0.475435 0.445026 0.500000
-0.260323 -0.072618 -0.059984 -0.055331 -0.521169 -0.851658 0.445026 0.583333
-0.258899 -0.037920 -0.070324 -0.034965 -0.024847 -0.999080 0.445026 0.666667
-0.256817 -0.002733 -0.061925 -0.005216 0.477877 -0.878411 0.445026 0.750000
-0.254636 0.023512 -0.037038 0.025936 0.852253 -0.522486 0.445026 0.833333
-0.252183 0.025331 0.032896 0.060945 0.877552 0.475592 0.445026 1.000000
-0.235392 0.032763 -0.003002 0.065193 0.997497 -0.027395 0.450262 0.916667
-0.234931 -0.000610 0.058529 0.071774 0.521320 0.850338 0.450262 0.083333
-0.252183 0.025331 0.032896 0.060945 0.877552 0.475592 0.445026 0.000000
-0.236786 -0.035283 0.068885 0.045308 0.026721 0.998616 0.450262 0.166667
-0.239488 -0.070433 0.060510 0.006718 -0.475335 0.879779 0.450262 0.250000
-0.242315 -0.096641 0.035648 -0.033670 -0.850385 0.525082 0.450262 0.333333
-0.244507 -0.106884 0.000961 -0.065021 -0.997456 0.029217 0.450262 0.416667
-0.245479 -0.098418 -0.034258 -0.078914 -0.876598 -0.474710 0.450262 0.500000
-0.244968 -0.073511 -0.060570 -0.071615 -0.520130 -0.851079 0.450262 0.583333
-0.243113 -0.038838 -0.070927 -0.045088 -0.024055 -0.998693 0.450262 0.666667
-0.240411 -0.003688 -0.062552 -0.006460 0.478166 -0.878246 0.450262 0.750000
-0.237584 0.022520 -0.037690 0.033904 0.851904 -0.522599 0.450262 0.833333
-0.234420 0.024297 0.032216 0.079048 0.876472 0.474919 0.450262 1.000000
-0.217804 0.031446 -0.003863 0.082802 0.996170 -0.028098 0.455497 0.916667
-0.217226 -0.001936 0.057662 0.091036 0.519961 0.849325 0.455497 0.083333
-0.234420 0.024297 0.032216 0.079048 0.876472 0.474919 0.450262 0.000000
-0.219583 -0.036571 0.068043 0.057421 0.026035 0.998010 0.455497 0.166667
-0.223014 -0.071666 0.059704 0.008441 -0.475216 0.879828 0.455497 0.250000
-0.226600 -0.097816 0.034879 -0.042801 -0.849559 0.525755 0.455497 0.333333
-0.229380 -0.108015 0.000221 -0.082557 -0.996127 0.030252 0.455497 0.416667
-0.230608 -0.099530 -0.034985 -0.100139 -0.875010 -0.473635 0.455497 0.500000
-0.229957 -0.074634 -0.061304 -0.090817 -0.518582 -0.850191 0.455497 0.583333
-0.227600 -0.039998 -0.071685 -0.057101 -0.022917 -0.998105 0.455497 0.666667
-0.224169 -0.004903 -0.063347 -0.008057 0.478536 -0.878031 0.455497 0.750000
-0.220583 0.021247 -0.038522 0.043148 0.851341 -0.522835 0.455497 0.833333
-0.216575 0.022960 0.031342 0.100320 0.874849 0.473894 0.455497 1.000000
-0.200173 0.029780 -0.004952 0.103340 0.994218 -0.029193 0.460733 0.916667
-0.199455 -0.003615 0.056565 0.113580 0.517926 0.847851 0.460733 0.083333
-0.216575 0.022960 0.031342 0.100320 0.874849 0.473894 0.455497 0.000000
-0.202396 -0.038195 0.066982 0.071649 0.024941 0.997118 0.460733 0.166667
-0.206678 -0.073209 0.058696 0.010546 -0.475135 0.879850 0.460733 0.250000
-0.211151 -0.099275 0.033927 -0.053393 -0.848396 0.526663 0.460733 0.333333
-0.214619 -0.109408 -0.000689 -0.103004 -0.994175 0.031710 0.460733 0.416667
-0.216151 -0.100894 -0.035875 -0.124939 -0.872664 -0.472067 0.460733 0.500000
-0.215337 -0.076013 -0.062205 -0.113290 -0.516327 -0.848865 0.460733 0.583333
-0.212396 -0.041433 -0.072623 -0.071194 -0.021312 -0.997235 0.460733 0.666667
-0.208115 -0.006419 -0.064337 -0.009985 0.479001 -0.877757 0.460733 0.750000
-0.203641 0.019646 -0.039567 0.053893 0.850470 -0.523255 0.460733 0.833333
-0.198641 0.021265 0.030235 0.125171 0.872466 0.472372 0.460733 1.000000
-0.182512 0.027705 -0.006307 0.127008 0.991422 -0.030833 0.465969 0.916667
-0.181628 -0.005710 0.055197 0.139599 0.514964 0.845768 0.465969 0.083333
-0.198641 0.021265 0.030235 0.125171 0.872466 0.472372 0.460733 0.000000
-0.185243 -0.040210 0.065666 0.088101 0.023264 0.995840 0.465969 0.166667
-0.190505 -0.075108 0.057456 0.013025 -0.475136 0.879816 0.465969 0.250000
-0.196003 -0.101052 0.032766 -0.065570 -0.846795 0.527862 0.465969 0.333333
-0.200265 -0.111092 -0.001789 -0.126580 -0.991383 0.033723 0.465969 0.416667
-0.202149 -0.102536 -0.036948 -0.153566 -0.869296 -0.469831 0.465969 0.500000
-0.201149 -0.077677 -0.063292 -0.139244 -0.513140 -0.846935 0.465969 0.583333
-0.197534 -0.043177 -0.073762 -0.087481 -0.019113 -0.995983 0.465969 0.666667
-0.192273 -0.008279 -0.065551 -0.012236 0.479559 -0.877424 0.465969 0.750000
-0.186774 0.017665 -0.040861 0.066262 0.849165 -0.523955 0.465969 0.833333
-0.180629 0.019149 0.028853 0.153826 0.869060 0.470183 0.465969 1.000000
-0.164859 0.025161 -0.007969 0.153646 0.987569 -0.033176 0.471204 0.916667
-0.163784 -0.008281 0.053516 0.168950 0.510816 0.842925 0.471204 0.083333
-0.180629 0.019149 0.028853 0.153826 0.869060 0.470183 0.465969 0.000000
-0.168156 -0.042672 0.064057 0.106703 0.020816 0.994073 0.471204 0.166667
-0.174522 -0.077410 0.055952 0.015894 -0.475282 0.879690 0.471204 0.250000
-0.181176 -0.103187 0.031371 -0.079233 -0.844668 0.529394 0.471204 0.333333
-0.186335 -0.113096 -0.003098 -0.153126 -0.987535 0.036415 0.471204 0.416667
-0.188617 -0.104483 -0.038220 -0.185845 -0.864643 -0.466749 0.471204 0.500000
-0.187410 -0.079654 -0.064584 -0.168538 -0.508795 -0.844229 0.471204 0.583333
-0.183038 -0.045264 -0.075125 -0.105892 -0.016199 -0.994246 0.471204 0.666667
-0.176672 -0.010526 -0.067019 -0.014829 0.480204 -0.877032 0.471204 0.750000
-0.170018 0.015251 -0.042439 0.080153 0.847300 -0.525031 0.471204 0.833333
-0.162577 0.016547 0.027153 0.186111 0.864367 0.467154 0.471204 1.000000
-0.147275 0.022098 -0.009973 0.182860 0.982467 -0.036352 0.476440 0.916667
-0.145980 -0.011382 0.051487 0.201269 0.505252 0.839173 0.476440 0.083333
-0.162577 0.016547 0.027153 0.186111 0.864367 0.467154 0.471204 0.000000
-0.151181 -0.045628 0.062123 0.127262 0.017439 0.991716 0.476440 0.166667
-0.158759 -0.080154 0.054156 0.019186 -0.475613 0.879445 0.476440 0.250000
-0.166685 -0.105709 0.029721 -0.094129 -0.841927 0.531318 0.476440 0.333333
-0.172833 -0.115445 -0.004635 -0.182235 -0.982445 0.039914 0.476440 0.416667
-0.175557 -0.106754 -0.039707 -0.221322 -0.858465 -0.462661 0.476440 0.500000
-0.174127 -0.081965 -0.066096 -0.200798 -0.503071 -0.840595 0.476440 0.583333
-0.168926 -0.047719 -0.076732 -0.126232 -0.012424 -0.991923 0.476440 0.666667
-0.161348 -0.013193 -0.068765 -0.017796 0.480966 -0.876559 0.476440 0.750000
-0.153423 0.012362 -0.044329 0.095315 0.844785 -0.526548 0.476440 0.833333
-0.144550 0.013408 0.025098 0.221590 0.858145 0.463126 0.476440 1.000000
-0.129825 0.018478 -0.012348 0.214223 0.975946 -0.040478 0.481675 0.916667
-0.128281 -0.015054 0.049078 0.236168 0.498062 0.834361 0.481675 0.083333
-0.144550 0.013408 0.025098 0.221590 0.858145 0.463126 0.476440 0.000000
-0.134370 -0.049116 0.059835 0.149575 0.012989 0.988665 0.481675 0.166667
-0.143252 -0.083370 0.052046 0.022935 -0.476173 0.879053 0.481675 0.250000
-0.152548 -0.108640 0.027798 -0.109992 -0.838500 0.533684 0.481675 0.333333
-0.159766 -0.118154 -0.006412 -0.213479 -0.975941 0.044338 0.481675 0.416667
-0.162974 -0.109363 -0.041417 -0.259527 -0.850541 -0.457411 0.481675 0.500000
-0.161310 -0.084622 -0.067838 -0.235636 -0.495753 -0.835886 0.481675 0.583333
-0.155222 -0.050561 -0.078595 -0.148299 -0.007640 -0.988913 0.481675 0.666667
-0.146340 -0.016306 -0.070806 -0.021179 0.481890 -0.875976 0.481675 0.750000
-0.137044 0.008964 -0.046558 0.111481 0.841547 -0.528555 0.481675 0.833333
-0.126618 0.009686 0.022657 0.259794 0.850174 0.457943 0.481675 1.000000
-0.112582 0.014270 -0.015119 0.247325 0.967856 -0.045663 0.486911 0.916667
-0.110755 -0.019331 0.046262 0.273274 0.489045 0.828345 0.486911 0.083333
-0.126618 0.009686 0.022657 0.259794 0.850174 0.457943 0.481675 0.000000
-0.117777 -0.053164 0.057169 0.173446 0.007321 0.984816 0.486911 0.166667
-0.128038 -0.087082 0.049602 0.027178 -0.477010 0.878477 0.486911 0.250000
-0.138788 -0.111996 0.025588 -0.126562 -0.834330 0.536540 0.486911 0.333333
-0.147148 -0.121231 -0.008438 -0.246446 -0.967876 0.049800 0.486911 0.416667
-0.150876 -0.112312 -0.043359 -0.300006 -0.840672 -0.450852 0.486911 0.500000
-0.148975 -0.087630 -0.069819 -0.272678 -0.486640 -0.829957 0.486911 0.583333
-0.141953 -0.053797 -0.080726 -0.171903 -0.001698 -0.985112 0.486911 0.666667
-0.131692 -0.019879 -0.073159 -0.025017 0.483028 -0.875247 0.486911 0.750000
-0.120941 0.005035 -0.049146 0.128390 0.837529 -0.531094 0.486911 0.833333
-0.108853 0.005351 0.019802 0.300270 0.840251 0.451460 0.486911 1.000000
-0.095618 0.009456 -0.018306 0.281779 0.958069 -0.052003 0.492147 0.916667
-0.093472 -0.024236 0.043015 0.312245 0.478013 0.820979 0.492147 0.083333
-0.108853 0.005351 0.019802 0.300270 0.840251 0.451460 0.486911 0.000000
-0.101461 -0.057794 0.054105 0.198702 0.000292 0.980060 0.492147 0.166667
-0.113161 -0.091303 0.046809 0.031958 -0.478184 0.877678 0.492147 0.250000
-0.125436 -0.115783 0.023082 -0.143590 -0.829378 0.539921 0.492147 0.333333
-0.134997 -0.124677 -0.010718 -0.280747 -0.958123 0.056404 0.492147 0.416667
-0.139282 -0.115600 -0.045535 -0.342334 -0.828674 -0.442840 0.492147 0.500000
-0.137143 -0.090985 -0.072039 -0.311581 -0.475540 -0.822666 0.492147 0.583333
-0.129153 -0.057427 -0.083129 -0.196871 0.005548 -0.980414 0.492147 0.666667
-0.117453 -0.023918 -0.075833 -0.029355 0.484446 -0.874329 0.492147 0.750000
-0.105178 0.000563 -0.052106 0.145792 0.832695 -0.534195 0.492147 0.833333
-0.091333 0.000379 0.016511 0.342599 0.828192 0.443536 0.492147 1.000000
-0.079009 0.004028 -0.021922 0.317233 0.946473 -0.059592 0.497382 0.916667
-0.074134 -0.005242 0.012766 0.386398 0.813826 0.434032 0.497382 0.000000
-0.091333 0.000379 0.016511 0.342599 0.828192 0.443536 0.492147 0.000000
-0.085485 -0.063015 0.050626 0.225190 -0.008241 0.974280 0.497382 0.166667
-0.098669 -0.096038 0.043654 0.037321 -0.479764 0.876604 0.497382 0.250000
-0.112525 -0.120002 0.020272 -0.160845 -0.823620 0.543855 0.497382 0.333333
-0.123339 -0.128485 -0.013255 -0.316026 -0.946573 0.064247 0.497382 0.416667
-0.128214 -0.119215 -0.047943 -0.386126 -0.814380 -0.433235 0.497382 0.500000
-0.125844 -0.094675 -0.074497 -0.352034 -0.462271 -0.813866 0.497382 0.583333
-0.116863 -0.061442 -0.085803 -0.223052 0.014252 -0.974702 0.497382 0.666667
-0.103679 -0.028419 -0.078831 -0.034243 0.486220 -0.873165 0.497382 0.750000
-0.089823 -0.004455 -0.055449 0.163457 0.827023 -0.537879 0.497382 0.833333
-0.074134 -0.005242 0.012766 0.386398 0.813826 0.434032 0.497382 1.000000
-0.062833 -0.002013 -0.025980 0.353378 0.932968 -0.068521 0.502618 0.916667
-0.076504 -0.029782 0.039320 0.352770 0.464783 0.812115 0.497382 0.083333
-0.057335 -0.011516 0.008552 0.431340 0.796987 0.422798 0.502618 0.000000
-0.069910 -0.068832 0.046720 0.252794 -0.018436 0.967345 0.502618 0.166667
-0.084614 -0.101287 0.040130 0.043322 -0.481836 0.875190 0.502618 0.250000
-0.100096 -0.124642 0.017156 -0.178110 -0.817051 0.548364 0.502618 0.333333
-0.112209 -0.132640 -0.016044 -0.351964 -0.933129 0.073430 0.502618 0.416667
-0.117706 -0.123137 -0.050576 -0.431047 -0.797625 -0.421892 0.502618 0.500000
-0.115116 -0.098680 -0.077185 -0.393774 -0.446646 -0.803398 0.502618 0.583333
-0.105131 -0.065822 -0.088744 -0.250327 0.024575 -0.967849 0.502618 0.666667
-0.090428 -0.033367 -0.082153 -0.039729 0.488443 -0.871691 0.502618 0.750000
-0.074945 -0.010011 -0.059180 0.181176 0.820511 -0.542160 0.502618 0.833333
-0.057335 -0.011516 0.008552 0.431340 0.796987 0.422798 0.502618 1.000000
-0.047168 -0.008658 -0.030484 0.389955 0.917448 -0.078890 0.507853 0.916667
-0.059926 -0.035973 0.035162 0.394594 0.449168 0.801589 0.502618 0.083333
-0.041016 -0.018439 0.003859 0.477162 0.777488 0.409669 0.507853 0.000000
-0.054805 -0.075239 0.042377 0.281437 -0.030474 0.959096 0.507853 0.166667
-0.071051 -0.107039 0.036231 0.050027 -0.484503 0.873358 0.507853 0.250000
-0.088197 -0.129688 0.013737 -0.195197 -0.809674 0.553468 0.507853 0.333333
-0.101648 -0.137118 -0.019078 -0.388299 -0.917691 0.084061 0.507853 0.416667
-0.107800 -0.127337 -0.053421 -0.476831 -0.778233 -0.408639 0.507853 0.500000
-0.105005 -0.102967 -0.080090 -0.436603 -0.428451 -0.791080 0.507853 0.583333
-0.094011 -0.070537 -0.091939 -0.278614 0.036709 -0.959701 0.507853 0.666667
-0.077764 -0.038737 -0.085793 -0.045873 0.491230 -0.869821 0.507853 0.750000
-0.060619 -0.016088 -0.063299 0.198767 0.813163 -0.547044 0.507853 0.833333
-0.041016 -0.018439 0.003859 0.477162 0.777488 0.409669 0.507853 1.000000
-0.032093 -0.015889 -0.035438 0.426767 0.899789 -0.090822 0.513089 0.916667
-0.043811 -0.042809 0.030528 0.437519 0.430955 0.789212 0.507853 0.083333
-0.025254 -0.025999 -0.001322 0.523674 0.755107 0.394436 0.513089 0.000000
-0.040235 -0.082227 0.037589 0.311086 -0.044578 0.949336 0.513089 0.166667
-0.058041 -0.113278 0.031956 0.057511 -0.487899 0.871003 0.513089 0.250000
-0.076881 -0.135114 0.010020 -0.211943 -0.801494 0.559184 0.513089 0.333333
-0.091707 -0.141883 -0.022342 -0.424824 -0.900142 0.096275 0.513089 0.416667
-0.098547 -0.131773 -0.056459 -0.523280 -0.755989 -0.393267 0.513089 0.500000
-0.095566 -0.107491 -0.083189 -0.480385 -0.407428 -0.776681 0.513089 0.583333
-0.083565 -0.075545 -0.095369 -0.307875 0.050887 -0.950065 0.513089 0.666667
-0.065759 -0.044494 -0.089737 -0.052742 0.494725 -0.867447 0.513089 0.750000
-0.046919 -0.022658 -0.067801 0.216077 0.804991 -0.552539 0.513089 0.833333
-0.025254 -0.025999 -0.001322 0.523674 0.755107 0.394436 0.513089 1.000000
-0.017689 -0.023681 -0.040846 0.463676 0.879823 -0.104481 0.518325 0.916667
-0.028234 -0.050281 0.025408 0.481415 0.409887 0.774746 0.513089 0.083333
-0.010128 -0.034183 -0.007001 0.570758 0.729547 0.376823 0.518325 0.000000
-0.026270 -0.089782 0.032346 0.341760 -0.061040 0.937803 0.518325 0.166667
-0.045648 -0.119982 0.027305 0.065869 -0.492192 0.867991 0.518325 0.250000
-0.066210 -0.140885 0.006016 -0.228203 -0.792519 0.565541 0.518325 0.333333
-0.082447 -0.146890 -0.025815 -0.461383 -0.880325 0.110247 0.518325 0.416667
-0.090007 -0.136389 -0.059661 -0.570264 -0.730614 -0.375502 0.518325 0.500000
-0.086866 -0.112195 -0.086451 -0.525050 -0.383243 -0.759899 0.518325 0.583333
-0.073865 -0.080790 -0.099008 -0.338113 0.067409 -0.938688 0.518325 0.666667
-0.054488 -0.050590 -0.093966 -0.060408 0.499108 -0.864431 0.518325 0.750000
-0.033925 -0.029687 -0.072678 0.232986 0.796002 -0.558657 0.518325 0.833333
-0.010128 -0.034183 -0.007001 0.570758 0.729547 0.376823 0.518325 1.000000
-0.004035 -0.032008 -0.046709 0.500604 0.857305 -0.120097 0.523560 0.916667
-0.013269 -0.058377 0.019790 0.526222 0.385626 0.757881 0.518325 0.083333
0.004285 -0.042973 -0.013190 0.618372 0.700398 0.356452 0.523560 0.000000
-0.012980 -0.097887 0.026640 0.373528 -0.080256 0.924140 0.523560 0.166667
-0.033938 -0.127122 0.022279 0.075211 -0.497607 0.864136 0.523560 0.250000
-0.056249 -0.146957 0.001742 -0.243856 -0.782747 0.572575 0.523560 0.333333
-0.073934 -0.152079 -0.029466 -0.497875 -0.858014 0.126221 0.523560 0.416667
-0.082254 -0.141114 -0.062985 -0.617725 -0.701721 -0.354969 0.523560 0.500000
-0.078979 -0.117001 -0.089832 -0.570589 -0.355446 -0.740328 0.523560 0.583333
-0.064989 -0.086200 -0.102815 -0.369371 0.086674 -0.925231 0.523560 0.666667
-0.044030 -0.056966 -0.098454 -0.068950 0.504612 -0.860588 0.523560 0.750000
-0.021720 -0.037130 -0.077918 0.249404 0.786190 -0.565422 0.523560 0.833333
0.004285 -0.042973 -0.013190 0.618372 0.700398 0.356452 0.523560 1.000000
0.008786 -0.040841 -0.053032 0.537521 0.831882 -0.138001 0.528796 0.916667
0.001011 -0.067087 0.013657 0.571952 0.357704 0.738186 0.523560 0.083333
0.017906 -0.052358 -0.019909 0.666530 0.667077 0.332785 0.528796 0.000000
-0.000437 -0.106528 0.020454 0.406501 -0.102769 0.907852 0.528796 0.166667
-0.022985 -0.134666 0.016878 0.085666 -0.504441 0.859186 0.528796 0.250000
-0.047072 -0.153276 -0.002780 -0.258791 -0.772158 0.580344 0.528796 0.333333
-0.066244 -0.157371 -0.033253 -0.534234 -0.832888 0.144539 0.528796 0.416667
-0.075364 -0.145855 -0.066376 -0.665650 -0.668771 -0.331143 0.528796 0.500000
-0.071989 -0.121812 -0.093273 -0.617040 -0.323417 -0.717400 0.528796 0.583333
-0.057022 -0.091685 -0.106739 -0.401727 0.109222 -0.909223 0.528796 0.666667
-0.034474 -0.063546 -0.103163 -0.078449 0.511542 -0.855670 0.528796 0.750000
-0.010387 -0.044936 -0.083505 0.265266 0.775530 -0.572877 0.528796 0.833333
0.017906 -0.052358 -0.019909 0.666530 0.667077 0.332785 0.528796 1.000000
0.020688 -0.050152 -0.059828 0.574421 0.803034 -0.158676 0.534031 0.916667
0.014530 -0.076401 0.006988 0.618669 0.325472 0.715064 0.528796 0.083333
0.030653 -0.062332 -0.027189 0.715271 0.628753 0.305054 0.534031 0.000000
0.011282 -0.115696 0.013763 0.440803 -0.129336 0.888237 0.534031 0.166667
-0.012863 -0.142582 0.011103 0.097372 -0.513101 0.852787 0.534031 0.250000
-0.038757 -0.159776 -0.007521 -0.272901 -0.760707 0.588940 0.534031 0.333333
-0.059460 -0.162671 -0.037117 -0.570409 -0.804475 0.165693 0.534031 0.416667
-0.069426 -0.150492 -0.069756 -0.714033 -0.631009 -0.303288 0.534031 0.500000
-0.065983 -0.126502 -0.096692 -0.664444 -0.286299 -0.690324 0.534031 0.583333
-0.050055 -0.097128 -0.110708 -0.435255 0.135795 -0.890007 0.534031 0.666667
-0.025909 -0.070242 -0.108047 -0.088980 0.520302 -0.849334 0.534031 0.750000
-0.000015 -0.053048 -0.089424 0.280529 0.763957 -0.581096 0.534031 0.833333
0.030653 -0.062332 -0.027189 0.715271 0.628753 0.305054 0.534031 1.000000
0.031580 -0.059922 -0.067117 0.611279 0.770006 -0.182834 0.539267 0.916667
0.027211 -0.086322 -0.000253 0.666460 0.288017 0.687661 0.534031 0.083333
0.042438 -0.072904 -0.035078 0.764572 0.584263 0.272151 0.539267 0.000000
0.022093 -0.125392 0.006528 0.476494 -0.160988 0.864313 0.539267 0.166667
-0.003658 -0.150835 0.004946 0.110430 -0.524125 0.844451 0.539267 0.250000
-0.031388 -0.166379 -0.012444 -0.286071 -0.748311 0.598493 0.539267 0.333333
-0.053666 -0.167858 -0.040982 -0.606300 -0.772112 0.190374 0.539267 0.416667
-0.064524 -0.154876 -0.073022 -0.762790 -0.587407 -0.270378 0.539267 0.500000
-0.061052 -0.130912 -0.099978 -0.712759 -0.242937 -0.657994 0.539267 0.583333
-0.044180 -0.102387 -0.114627 -0.469968 0.167400 -0.866664 0.539267 0.666667
-0.018429 -0.076944 -0.113045 -0.100563 0.531425 -0.841115 0.539267 0.750000
0.009301 -0.061401 -0.095655 0.295175 0.751342 -0.590217 0.539267 0.833333
0.042438 -0.072904 -0.035078 0.764572 0.584263 0.272151 0.539267 1.000000
0.041359 -0.070144 -0.074942 0.647945 0.731721 -0.211544 0.544503 0.916667
0.038965 -0.096868 -0.008121 0.715332 0.244077 0.654772 0.539267 0.083333
0.053147 -0.084102 -0.043650 0.814136 0.532078 0.232540 0.544503 0.000000
0.031883 -0.135626 -0.001305 0.513297 -0.198960 0.834830 0.544503 0.166667
0.004528 -0.159387 -0.001598 0.124707 -0.538090 0.833611 0.544503 0.250000
-0.025056 -0.172985 -0.017498 -0.298271 -0.734734 0.609262 0.544503 0.333333
-0.048943 -0.172778 -0.044744 -0.641722 -0.734841 0.219549 0.544503 0.416667
-0.060731 -0.158820 -0.076035 -0.811567 -0.536619 -0.231084 0.544503 0.500000
-0.057263 -0.134852 -0.102988 -0.761578 -0.191891 -0.619013 0.544503 0.583333
-0.039467 -0.107296 -0.118380 -0.505547 0.205254 -0.838029 0.544503 0.666667
-0.012112 -0.083535 -0.118087 -0.112986 0.545451 -0.830492 0.544503 0.750000
0.017472 -0.069937 -0.102187 0.309248 0.737363 -0.600552 0.544503 0.833333
0.053147 -0.084102 -0.043650 0.814136 0.532078 0.232540 0.544503 1.000000
0.049900 -0.080837 -0.083362 0.683871 0.686799 -0.246229 0.549738 0.916667
0.049679 -0.108070 -0.016697 0.764944 0.192073 0.614791 0.544503 0.083333
0.062629 -0.095976 -0.053002 0.862985 0.470407 0.184322 0.549738 0.000000
0.040496 -0.146409 -0.009797 0.550237 -0.244532 0.798400 0.549738 0.166667
0.011566 -0.168190 -0.008529 0.139639 -0.555468 0.819729 0.549738 0.250000
-0.019852 -0.179482 -0.022611 -0.309527 -0.719499 0.621702 0.549738 0.333333
-0.045341 -0.177262 -0.048270 -0.676156 -0.691416 0.254473 0.549738 0.416667
-0.058069 -0.162123 -0.078630 -0.859285 -0.477275 -0.183949 0.549738 0.500000
-0.054627 -0.138122 -0.105557 -0.809640 -0.131844 -0.571926 0.549738 0.583333
-0.035937 -0.111690 -0.121835 -0.541003 0.250525 -0.802840 0.549738 0.666667
-0.007006 -0.089909 -0.123103 -0.125645 0.562748 -0.817024 0.549738 0.750000
0.024412 -0.078617 -0.109021 0.322788 0.721418 -0.612670 0.549738 0.833333
0.062629 -0.095976 -0.053002 0.862985 0.470407 0.184322 0.549738 1.000000
0.057036 -0.092033 -0.092451 0.717695 0.633787 -0.288492 0.554974 0.916667
0.059187 -0.119977 -0.026075 0.814164 0.130251 0.565837 0.549738 0.083333
0.070660 -0.108585 -0.063237 0.908987 0.397490 0.125476 0.554974 0.000000
0.047724 -0.157751 -0.019003 0.585401 -0.298836 0.753659 0.554974 0.166667
0.017311 -0.177192 -0.015835 0.154230 -0.576574 0.802356 0.554974 0.250000
-0.015839 -0.185753 -0.027698 -0.319666 -0.701990 0.636414 0.554974 0.333333
-0.042844 -0.181139 -0.051413 -0.708345 -0.640558 0.296535 0.554974 0.416667
-0.056467 -0.164588 -0.080626 -0.903491 -0.408983 -0.128205 0.554974 0.500000
-0.053059 -0.140534 -0.107510 -0.854261 -0.062648 -0.516055 0.554974 0.583333
-0.033532 -0.115422 -0.124860 -0.574514 0.304180 -0.759874 0.554974 0.666667
-0.003119 -0.095981 -0.128029 -0.137577 0.583485 -0.800386 0.554974 0.750000
0.030031 -0.087420 -0.116166 0.335576 0.702743 -0.627329 0.554974 0.833333
0.070660 -0.108585 -0.063237 0.908987 0.397490 0.125476 0.554974 1.000000
0.062530 -0.103753 -0.102266 0.746886 0.571573 -0.339803 0.560209 0.916667
0.073542 -0.146072 -0.047605 0.900605 -0.028830 0.433682 0.560209 0.083333
0.067251 -0.132639 -0.036354 0.860663 0.056962 0.505979 0.554974 0.083333
0.053294 -0.169635 -0.028956 0.615757 -0.362506 0.699594 0.560209 0.166667
0.021604 -0.186332 -0.023489 0.167051 -0.601458 0.781244 0.560209 0.250000
-0.013037 -0.191689 -0.032667 -0.328142 -0.681605 0.654017 0.560209 0.333333
-0.041347 -0.184272 -0.054033 -0.736019 -0.581297 0.346943 0.560209 0.416667
-0.055740 -0.166067 -0.081861 -0.937187 -0.341310 -0.072032 0.560209 0.500000
-0.052359 -0.141953 -0.108694 -0.887949 0.003687 -0.459926 0.560209 0.583333
-0.032111 -0.118391 -0.127343 -0.603320 0.366788 -0.708146 0.560209 0.666667
-0.000421 -0.101694 -0.132811 -0.147516 0.607552 -0.780461 0.560209 0.750000
0.034220 -0.096336 -0.123632 0.346878 0.680587 -0.645350 0.560209 0.833333
0.076923 -0.121958 -0.074438 0.948490 0.312120 0.054291 0.560209 1.000000
0.066067 -0.115965 -0.112818 0.767639 0.499990 -0.400924 0.565445 0.916667
0.077632 -0.160208 -0.059819 0.928666 -0.126753 0.348588 0.565445 0.083333
0.076923 -0.121958 -0.074438 0.948490 0.312120 0.054291 0.560209 0.000000
0.056869 -0.181977 -0.039621 0.637200 -0.435069 0.636153 0.565445 0.166667
0.024275 -0.195520 -0.031428 0.176284 -0.629650 0.756615 0.565445 0.250000
-0.011418 -0.197209 -0.037436 -0.333961 -0.657906 0.675004 0.565445 0.333333
-0.040646 -0.186590 -0.056035 -0.755736 -0.513323 0.406647 0.565445 0.416667
-0.055577 -0.166509 -0.082241 -0.005361 -0.792814 -0.609440 0.565445 0.500000
-0.052210 -0.142347 -0.109033 0.021376 -0.676324 -0.736294 0.565445 0.583333
-0.031448 -0.120578 -0.129232 -0.623728 0.438346 -0.647160 0.565445 0.666667
0.001146 -0.107035 -0.137425 -0.153992 0.634342 -0.757560 0.565445 0.750000
0.036840 -0.105346 -0.131417 0.355308 0.654455 -0.667416 0.565445 0.833333
0.080998 -0.136046 -0.086611 0.976277 0.214456 -0.029864 0.565445 1.000000
0.067290 -0.128534 -0.124010 0.775357 0.420534 -0.471140 0.570681 0.916667
0.079049 -0.174821 -0.072832 0.938839 -0.234143 0.252506 0.570681 0.083333
0.080998 -0.136046 -0.086611 0.976277 0.214456 -0.029864 0.565445 0.000000
0.058096 -0.194579 -0.050843 0.645213 -0.514292 0.564981 0.570681 0.166667
0.025169 -0.204627 -0.039538 0.180070 -0.659889 0.729466 0.570681 0.250000
-0.010909 -0.202272 -0.041946 -0.335734 -0.630840 0.699517 0.570681 0.333333
-0.040471 -0.188145 -0.057421 -0.763402 -0.437217 0.475456 0.570681 0.416667
-0.055595 -0.166032 -0.081818 0.985684 0.086878 -0.144497 0.570681 0.500000
-0.052229 -0.141858 -0.108600 0.938362 -0.252534 0.236016 0.570681 0.583333
-0.031276 -0.122100 -0.130589 -0.631191 0.518290 -0.577039 0.570681 0.666667
0.001651 -0.112052 -0.141894 -0.155680 0.662560 -0.732651 0.570681 0.750000
0.037729 -0.114407 -0.139486 0.358897 0.624458 -0.693718 0.570681 0.833333
0.082415 -0.150647 -0.099613 0.986312 0.106910 -0.125532 0.570681 1.000000
0.065881 -0.141192 -0.135601 0.765941 0.336724 -0.547679 0.575916 0.916667
0.077412 -0.189505 -0.086276 0.926275 -0.345711 0.149994 0.575916 0.083333
0.082415 -0.150647 -0.099613 0.986312 0.106910 -0.125532 0.570681 0.000000
0.056700 -0.207111 -0.062318 0.636323 -0.595967 0.489812 0.575916 0.166667
0.024187 -0.213478 -0.047645 0.177222 -0.690083 0.701696 0.575916 0.250000
-0.011415 -0.206900 -0.046188 -0.331950 -0.600924 0.727117 0.575916 0.333333
-0.040568 -0.189140 -0.058338 -0.754625 -0.352967 0.553133 0.575916 0.416667
-0.055460 -0.164955 -0.080839 0.972599 -0.009135 -0.232310 0.575916 0.500000
-0.052099 -0.140827 -0.107663 0.925738 -0.348035 0.147921 0.575916 0.583333
-0.031388 -0.123220 -0.131621 -0.621217 0.603123 -0.500331 0.575916 0.666667
0.001125 -0.116853 -0.146294 -0.151939 0.690224 -0.707464 0.575916 0.750000
0.036728 -0.123431 -0.147751 0.355547 0.591572 -0.723622 0.575916 0.833333
0.075911 -0.179713 -0.126552 0.936061 -0.115731 -0.332258 0.581152 1.000000
0.080772 -0.165376 -0.113100 0.973525 -0.005463 -0.228515 0.575916 1.000000
0.072591 -0.203722 -0.099616 0.889533 -0.454359 0.047837 0.581152 0.083333
0.080772 -0.165376 -0.113100 0.973525 -0.005463 -0.228515 0.575916 0.000000
0.052615 -0.219159 -0.073624 0.609828 -0.674579 0.415997 0.581152 0.166667
0.021334 -0.221888 -0.055540 0.167885 -0.717734 0.675775 0.581152 0.250000
-0.012868 -0.211178 -0.050209 -0.321514 -0.569503 0.756502 0.581152 0.333333
-0.040829 -0.189899 -0.059060 -0.726061 -0.265592 0.634268 0.581152 0.416667
-0.055055 -0.163751 -0.079721 0.938244 -0.110616 -0.327815 0.581152 0.500000
-0.051735 -0.139743 -0.106657 0.893408 -0.445723 0.056153 0.581152 0.583333
-0.031759 -0.124306 -0.132649 -0.593227 0.683859 -0.424756 0.581152 0.666667
0.033724 -0.132287 -0.156064 0.343857 0.557675 -0.755487 0.581152 0.833333
0.061685 -0.153566 -0.147213 0.737553 0.253631 -0.625849 0.581152 0.916667
0.068009 -0.193144 -0.139399 0.876545 -0.217027 -0.429614 0.586387 1.000000
0.064803 -0.216959 -0.112279 0.831727 -0.553211 -0.046777 0.586387 0.083333
0.075911 -0.179713 -0.126552 0.936061 -0.115731 -0.332258 0.581152 0.000000
0.046031 -0.230341 -0.084323 0.568544 -0.744988 0.348928 0.586387 0.166667
0.016725 -0.229706 -0.063024 0.153895 -0.740703 0.653970 0.586387 0.250000
-0.015264 -0.215222 -0.054087 -0.304021 -0.538083 0.786154 0.586387 0.333333
-0.041365 -0.190771 -0.059908 -0.679563 -0.184691 0.709988 0.586387 0.416667
-0.054582 -0.162905 -0.078926 0.908762 -0.164502 -0.383524 0.586387 0.500000
-0.051376 -0.139090 -0.106047 0.393449 0.711529 0.582172 0.586387 0.583333
-0.003298 -0.126343 -0.155302 -0.131992 0.735849 -0.664157 0.586387 0.750000
-0.000479 -0.121576 -0.150733 -0.143472 0.715202 -0.684033 0.581152 0.750000
0.028691 -0.140827 -0.164238 0.323736 0.524798 -0.787262 0.586387 0.833333
0.054791 -0.165277 -0.158418 0.691659 0.176371 -0.700358 0.586387 0.916667
0.057522 -0.205316 -0.151186 0.801301 -0.304537 -0.514951 0.591623 1.000000
0.054535 -0.228876 -0.123818 0.759621 -0.637571 -0.128367 0.591623 0.083333
0.068009 -0.193144 -0.139399 0.876545 -0.217027 -0.429614 0.586387 0.000000
0.037341 -0.240420 -0.094085 0.518045 -0.803763 0.292566 0.591623 0.166667
0.010546 -0.236856 -0.069955 0.138264 -0.757812 0.637655 0.591623 0.250000
-0.018669 -0.219139 -0.057891 -0.280058 -0.508333 0.814350 0.591623 0.333333
-0.042477 -0.192016 -0.061128 -0.621399 -0.116359 0.774806 0.591623 0.416667
-0.054498 -0.162754 -0.078797 0.406643 0.584852 0.701847 0.591623 0.500000
-0.034316 -0.127650 -0.135898 -0.503221 0.809458 -0.302564 0.591623 0.666667
-0.032605 -0.125707 -0.134002 -0.551908 0.753245 -0.357797 0.586387 0.666667
-0.007522 -0.131214 -0.160028 -0.119775 0.751304 -0.648997 0.591623 0.750000
0.021693 -0.148931 -0.172092 0.296436 0.494654 -0.816972 0.591623 0.833333
0.045501 -0.176055 -0.168855 0.632602 0.108678 -0.766814 0.591623 0.916667
0.045007 -0.216109 -0.161661 0.717994 -0.376477 -0.585448 0.596859 1.000000
0.042365 -0.239370 -0.134004 0.681168 -0.705835 -0.194441 0.596859 0.083333
0.057522 -0.205316 -0.151186 0.801301 -0.304537 -0.514951 0.591623 0.000000
0.026987 -0.249340 -0.102746 0.464614 -0.849952 0.248426 0.596859 0.166667
0.002994 -0.243348 -0.076262 0.123955 -0.769093 0.627001 0.596859 0.250000
-0.023185 -0.222999 -0.061649 -0.250914 -0.481323 0.839863 0.596859 0.333333
-0.044536 -0.193746 -0.062822 -0.556748 -0.059742 0.828530 0.596859 0.416667
-0.051511 -0.139195 -0.106165 -0.700989 0.692079 0.172167 0.591623 0.583333
-0.055337 -0.163427 -0.079467 -0.704077 0.385002 0.596698 0.596859 0.500000
-0.037316 -0.130196 -0.138382 -0.452401 0.853224 -0.259503 0.596859 0.666667
-0.013323 -0.136188 -0.164866 -0.109125 0.761708 -0.638664 0.596859 0.750000
0.012856 -0.156537 -0.179479 0.263878 0.468116 -0.843348 0.596859 0.833333
0.034206 -0.185790 -0.178306 0.565885 0.052056 -0.822839 0.596859 0.916667
0.030956 -0.225593 -0.170764 0.633332 -0.433622 -0.640985 0.602094 1.000000
0.028789 -0.248531 -0.142798 0.603190 -0.758962 -0.245231 0.602094 0.083333
0.045007 -0.216109 -0.161661 0.717994 -0.376477 -0.585448 0.596859 0.000000
0.015346 -0.257188 -0.110282 0.413479 -0.884535 0.215948 0.602094 0.166667
-0.005773 -0.249245 -0.081929 0.113211 -0.775367 0.621280 0.602094 0.250000
-0.028906 -0.226830 -0.065336 -0.218029 -0.457432 0.862101 0.602094 0.333333
-0.047858 -0.195949 -0.064949 -0.489533 -0.013307 0.871883 0.602094 0.416667
-0.052694 -0.140167 -0.107124 -0.668326 0.717741 0.195418 0.596859 0.583333
-0.057548 -0.164876 -0.080872 -0.626241 0.436709 0.645838 0.602094 0.500000
-0.041938 -0.133280 -0.141354 -0.403936 0.886072 -0.227403 0.602094 0.666667
-0.020820 -0.141224 -0.169707 -0.101749 0.767759 -0.632608 0.602094 0.750000
0.002314 -0.163639 -0.186300 0.227928 0.445265 -0.865903 0.602094 0.833333
0.021266 -0.194520 -0.186687 0.496427 0.006085 -0.868057 0.602094 0.916667
0.015718 -0.233948 -0.178550 0.551926 -0.478180 -0.683170 0.607330 1.000000
0.014156 -0.256553 -0.150274 0.530293 -0.799310 -0.282654 0.607330 0.083333
0.030956 -0.225593 -0.170764 0.633332 -0.433622 -0.640985 0.602094 0.000000
0.002678 -0.264126 -0.116750 0.368049 -0.909478 0.193365 0.607330 0.166667
-0.015640 -0.254639 -0.086961 0.107316 -0.777742 0.619355 0.607330 0.250000
-0.035890 -0.230633 -0.068889 -0.182588 -0.436524 0.880970 0.607330 0.333333
-0.052645 -0.198540 -0.067376 -0.422707 0.024455 0.905936 0.607330 0.416667
-0.055381 -0.141938 -0.108838 -0.595398 0.766145 0.241914 0.602094 0.583333
-0.061417 -0.166961 -0.082828 -0.547628 0.479998 0.685350 0.607330 0.500000
-0.048377 -0.136783 -0.144628 -0.360829 0.909900 -0.204656 0.607330 0.666667
-0.030059 -0.146270 -0.174417 -0.098670 0.770348 -0.629943 0.607330 0.750000
-0.009809 -0.170277 -0.192489 0.189957 0.425685 -0.884708 0.607330 0.833333
0.006947 -0.202369 -0.194002 0.427670 -0.030760 -0.903411 0.607330 0.916667
-0.000491 -0.241388 -0.185118 0.476293 -0.512762 -0.714297 0.612565 1.000000
-0.001326 -0.263657 -0.156546 0.464932 -0.829582 -0.309245 0.612565 0.083333
0.015718 -0.233948 -0.178550 0.551926 -0.478180 -0.683170 0.607330 0.000000
-0.010857 -0.270331 -0.122230 0.330051 -0.926925 0.178539 0.612565 0.166667
-0.026530 -0.259623 -0.091365 0.106798 -0.777249 0.620064 0.612565 0.250000
-0.044147 -0.234401 -0.072222 -0.145366 -0.418175 0.896660 0.612565 0.333333
-0.058986 -0.201423 -0.069930 -0.358048 0.055198 0.932070 0.612565 0.416667
-0.059855 -0.144356 -0.111104 -0.525099 0.804471 0.277663 0.607330 0.583333
-0.067072 -0.169527 -0.085103 -0.473608 0.514383 0.714916 0.612565 0.500000
-0.056706 -0.140584 -0.147990 -0.324706 0.926662 -0.189376 0.612565 0.666667
-0.041032 -0.151293 -0.178855 -0.100373 0.770304 -0.629728 0.612565 0.750000
-0.023416 -0.176515 -0.197998 0.150768 0.408756 -0.900104 0.612565 0.833333
-0.008577 -0.209492 -0.200290 0.361522 -0.060341 -0.930409 0.612565 0.916667
-0.017554 -0.248120 -0.190557 0.407416 -0.539784 -0.736644 0.617801 1.000000
-0.017546 -0.270055 -0.161715 0.407949 -0.852256 -0.327470 0.617801 0.083333
-0.000491 -0.241388 -0.185118 0.476293 -0.512762 -0.714297 0.612565 0.000000
-0.025174 -0.275973 -0.126790 0.299943 -0.938789 0.169439 0.617801 0.166667
-0.038391 -0.264290 -0.095140 0.111607 -0.774735 0.622358 0.617801 0.250000
-0.053658 -0.238135 -0.075245 -0.106859 -0.401919 0.909418 0.617801 0.333333
-0.066883 -0.204517 -0.072436 -0.296398 0.080462 0.951669 0.617801 0.416667
-0.066237 -0.147258 -0.113675 -0.461412 0.833677 0.303449 0.612565 0.583333
-0.074522 -0.172444 -0.087466 -0.405757 0.541580 0.736242 0.617801 0.500000
-0.066903 -0.144591 -0.151232 -0.296078 0.938108 -0.179694 0.617801 0.666667
-0.053685 -0.156274 -0.182882 -0.106866 0.768341 -0.631057 0.617801 0.750000
-0.038418 -0.182429 -0.202778 0.110832 0.393883 -0.912454 0.617801 0.833333
-0.025193 -0.216047 -0.205586 0.298824 -0.084400 -0.950569 0.617801 0.916667
-0.035400 -0.254322 -0.194935 0.345385 -0.561227 -0.752152 0.623037 1.000000
-0.034465 -0.275932 -0.165865 0.359052 -0.869398 -0.339452 0.623037 0.083333
-0.017554 -0.248120 -0.190557 0.407416 -0.539784 -0.736644 0.617801 0.000000
-0.040252 -0.281208 -0.130487 0.277100 -0.946690 0.164296 0.623037 0.166667
-0.051212 -0.268736 -0.098280 0.120943 -0.770969 0.625284 0.623037 0.250000
-0.064407 -0.241857 -0.077875 -0.067803 -0.387491 0.919377 0.623037 0.333333
-0.076303 -0.207775 -0.074738 -0.238264 0.101401 0.965892 0.623037 0.416667
-0.074530 -0.150510 -0.116307 -0.405618 0.855720 0.321274 0.617801 0.583333
-0.083711 -0.175621 -0.089711 -0.344399 0.563223 0.751112 0.623037 0.500000
-0.078859 -0.148735 -0.154159 -0.274385 0.945771 -0.173868 0.623037 0.666667
-0.067899 -0.161207 -0.186366 -0.117442 0.765151 -0.633050 0.623037 0.750000
-0.054704 -0.188086 -0.206772 0.070790 0.380675 -0.921995 0.623037 0.833333
-0.042808 -0.222168 -0.209908 0.240001 -0.104306 -0.965153 0.623037 0.916667
-0.053986 -0.260135 -0.198307 0.289864 -0.578524 -0.762423 0.628272 1.000000
-0.052077 -0.281439 -0.169059 0.317326 -0.882578 -0.346930 0.628272 0.083333
-0.035400 -0.254322 -0.194935 0.345385 -0.561227 -0.752152 0.623037 0.000000
-0.056113 -0.286164 -0.133361 0.260228 -0.951916 0.161670 0.628272 0.166667
-0.065013 -0.273045 -0.100779 0.133465 -0.766612 0.628087 0.628272 0.250000
-0.076392 -0.245596 -0.080042 -0.029224 -0.374749 0.926666 0.628272 0.333333
-0.087201 -0.211172 -0.076707 -0.184088 0.118892 0.975693 0.628272 0.416667
-0.084647 -0.154011 -0.118781 -0.357600 0.872421 0.333173 0.623037 0.583333
-0.094544 -0.178998 -0.091668 -0.289337 0.580659 0.760999 0.628272 0.500000
-0.092417 -0.152968 -0.156614 -0.258381 0.950878 -0.170499 0.628272 0.666667
-0.083518 -0.166087 -0.189196 -0.130877 0.761352 -0.634991 0.628272 0.750000
-0.072139 -0.193536 -0.209933 0.031508 0.368956 -0.928913 0.628272 0.833333
-0.061329 -0.227960 -0.213268 0.185352 -0.120993 -0.975195 0.628272 0.916667
-0.073276 -0.265661 -0.200715 0.240320 -0.592701 -0.768734 0.633508 1.000000
-0.073276 -0.265661 -0.200715 0.240320 -0.592701 -0.768734 0.633508 0.000000
-0.053986 -0.260135 -0.198307 0.289864 -0.578524 -0.762423 0.628272 0.000000
-0.070386 -0.286684 -0.171344 0.281699 -0.892903 -0.351241 0.633508 0.083333
-0.072777 -0.290936 -0.135439 0.247990 -0.955366 0.160549 0.633508 0.166667
-0.079808 -0.277279 -0.102621 0.147900 -0.762104 0.630336 0.633508 0.250000
-0.089596 -0.249372 -0.081684 0.008024 -0.363539 0.931545 0.633508 0.333333
-0.099517 -0.214693 -0.078238 -0.134090 0.133620 0.981919 0.633508 0.416667
-0.109804 -0.161512 -0.122577 -0.281351 0.895282 0.345416 0.633508 0.583333
-0.096453 -0.157693 -0.120916 -0.316516 0.885249 0.340810 0.628272 0.583333
-0.107413 -0.157259 -0.158481 -0.246792 0.954285 -0.168624 0.633508 0.666667
-0.100381 -0.170916 -0.191299 -0.145992 0.757362 -0.636466 0.633508 0.750000
-0.090593 -0.198823 -0.212236 -0.006255 0.358590 -0.933474 0.633508 0.833333
-0.080672 -0.233502 -0.215683 0.135021 -0.135117 -0.981587 0.633508 0.916667
-0.093230 -0.270978 -0.202200 0.196213 -0.604476 -0.772081 0.638743 1.000000
-0.093230 -0.270978 -0.202200 0.196213 -0.604476 -0.772081 0.638743 0.000000
-0.089382 -0.291744 -0.172756 0.251207 -0.901134 -0.353346 0.638743 0.083333
-0.090247 -0.295588 -0.136736 0.239225 -0.957644 0.160277 0.638743 0.166667
-0.095591 -0.281480 -0.103792 0.163220 -0.757703 0.631859 0.638743 0.250000
-0.103984 -0.253201 -0.082750 0.043331 -0.353704 0.934353 0.638743 0.333333
-0.106914 -0.182534 -0.093205 -0.240102 0.594891 0.767109 0.633508 0.500000
-0.113177 -0.218327 -0.079248 -0.088313 0.146106 0.985319 0.638743 0.416667
-0.124553 -0.165437 -0.123669 -0.251200 0.903259 0.347883 0.638743 0.583333
-0.123689 -0.161593 -0.159689 -0.238519 0.956564 -0.167613 0.638743 0.666667
-0.118345 -0.175700 -0.192634 -0.161826 0.753436 -0.637296 0.638743 0.750000
-0.109952 -0.203980 -0.213676 -0.041946 0.349449 -0.936016 0.638743 0.833333
-0.100759 -0.238854 -0.217177 0.089006 -0.147162 -0.985100 0.638743 0.916667
-0.113809 -0.276137 -0.202800 0.156993 -0.614362 -0.773248 0.643979 1.000000
-0.113809 -0.276137 -0.202800 0.156993 -0.614362 -0.773248 0.643979 0.000000
-0.109048 -0.296674 -0.173329 0.224974 -0.907813 -0.353923 0.643979 0.083333
-0.108509 -0.300165 -0.137267 0.232965 -0.959157 0.160452 0.643979 0.166667
-0.112337 -0.285676 -0.104277 0.178620 -0.753568 0.632637 0.643979 0.250000
-0.119506 -0.257089 -0.083198 0.076269 -0.345104 0.935461 0.643979 0.333333
-0.120705 -0.186203 -0.094226 -0.196214 0.606628 0.770391 0.638743 0.500000
-0.128094 -0.222063 -0.079678 -0.046697 0.156739 0.986535 0.643979 0.416667
-0.140563 -0.169448 -0.124132 -0.225212 0.909705 0.348879 0.643979 0.583333
-0.141101 -0.165956 -0.160194 -0.232627 0.958108 -0.167074 0.643979 0.666667
-0.137274 -0.180445 -0.193185 -0.177614 0.749732 -0.637460 0.643979 0.750000
-0.130105 -0.209032 -0.214264 -0.075172 0.341417 -0.936901 0.643979 0.833333
-0.121517 -0.244058 -0.217783 0.047222 -0.157490 -0.986391 0.643979 0.916667
-0.134964 -0.281175 -0.202558 0.122157 -0.622739 -0.772835 0.649215 1.000000
-0.134964 -0.281175 -0.202558 0.122157 -0.622739 -0.772835 0.649215 0.000000
-0.129353 -0.301508 -0.173097 0.202245 -0.913327 -0.353457 0.649215 0.083333
-0.127538 -0.304696 -0.137048 0.228404 -0.960188 0.160841 0.649215 0.166667
-0.130008 -0.289882 -0.104072 0.193452 -0.749798 0.632755 0.649215 0.250000
-0.136099 -0.261038 -0.083004 0.106532 -0.337626 0.935232 0.649215 0.333333
-0.135802 -0.189984 -0.094661 -0.157141 0.616416 0.771582 0.643979 0.500000
-0.144179 -0.225891 -0.079490 -0.009136 0.165811 0.986115 0.649215 0.416667
-0.157696 -0.173526 -0.123933 -0.202650 0.914999 0.348870 0.649215 0.583333
-0.159510 -0.170339 -0.159981 -0.228334 0.959192 -0.166778 0.649215 0.666667
-0.157041 -0.185152 -0.192958 -0.192741 0.746354 -0.637029 0.649215 0.750000
-0.150950 -0.213996 -0.214025 -0.105651 0.334401 -0.936490 0.649215 0.833333
-0.142869 -0.249143 -0.217539 0.009544 -0.166369 -0.986017 0.649215 0.916667
-0.164741 -0.254124 -0.216494 -0.024168 -0.173998 -0.984449 0.654450 0.916667
-0.156640 -0.286111 -0.201522 0.091251 -0.629879 -0.771314 0.654450 0.000000
-0.150254 -0.306268 -0.172097 0.182376 -0.917951 -0.352285 0.654450 0.083333
-0.147293 -0.309194 -0.136102 0.224865 -0.960941 0.161332 0.654450 0.166667
-0.148551 -0.294105 -0.103183 0.207198 -0.746459 0.632352 0.654450 0.250000
-0.153691 -0.265043 -0.082159 0.133891 -0.331181 0.934020 0.654450 0.333333
-0.169436 -0.197810 -0.093638 -0.091533 0.631582 0.769887 0.654450 0.500000
-0.152085 -0.193859 -0.094471 -0.122394 0.624639 0.771262 0.649215 0.500000
-0.175822 -0.177653 -0.123063 -0.182884 0.919414 0.348184 0.654450 0.583333
-0.178783 -0.174727 -0.159058 -0.224989 0.960011 -0.166611 0.654450 0.666667
-0.177525 -0.189816 -0.191977 -0.206711 0.743373 -0.636135 0.654450 0.750000
-0.172385 -0.218878 -0.213000 -0.133177 0.328328 -0.935128 0.654450 0.833333
-0.156640 -0.286111 -0.201522 0.091251 -0.629879 -0.771314 0.654450 1.000000
-0.187049 -0.259005 -0.214704 -0.054042 -0.180527 -0.982084 0.659686 0.916667
-0.178774 -0.290954 -0.199746 0.063889 -0.635987 -0.769051 0.659686 0.000000
-0.171700 -0.310960 -0.170375 0.164814 -0.921893 -0.350641 0.659686 0.083333
-0.167723 -0.313663 -0.134461 0.221784 -0.961563 0.161889 0.659686 0.166667
-0.167908 -0.298339 -0.101627 0.219427 -0.743598 0.631596 0.659686 0.250000
-0.161335 -0.229797 -0.078666 0.024499 0.173541 0.984522 0.654450 0.416667
-0.172205 -0.269093 -0.080671 0.158172 -0.325701 0.932149 0.659686 0.333333
-0.187739 -0.201813 -0.092166 -0.064175 0.637456 0.767810 0.659686 0.500000
-0.194813 -0.181807 -0.121537 -0.165368 0.923153 0.347047 0.659686 0.583333
-0.198790 -0.179104 -0.157451 -0.222036 0.960711 -0.166534 0.659686 0.666667
-0.198605 -0.194428 -0.190285 -0.219110 0.740840 -0.634938 0.659686 0.750000
-0.194308 -0.223674 -0.211241 -0.157585 0.323146 -0.933137 0.659686 0.833333
-0.178774 -0.290954 -0.199746 0.063889 -0.635987 -0.769051 0.659686 1.000000
-0.209708 -0.263779 -0.212239 -0.080190 -0.186063 -0.979260 0.664921 0.916667
-0.201296 -0.295699 -0.197296 0.039729 -0.641217 -0.766331 0.664921 0.000000
-0.193631 -0.315581 -0.167989 0.149080 -0.925310 -0.348679 0.664921 0.083333
-0.188768 -0.318097 -0.132170 0.218668 -0.962169 0.162530 0.664921 0.166667
-0.188009 -0.302574 -0.099438 0.229768 -0.741254 0.630674 0.664921 0.250000
-0.179464 -0.233762 -0.077208 0.054328 0.180085 0.982150 0.659686 0.416667
-0.191558 -0.273170 -0.078563 0.179219 -0.321138 0.929920 0.664921 0.333333
-0.206876 -0.205845 -0.090081 -0.039986 0.642414 0.765314 0.664921 0.500000
-0.214541 -0.185963 -0.119388 -0.149633 0.926370 0.345614 0.664921 0.583333
-0.219404 -0.183447 -0.155206 -0.218998 0.961404 -0.166558 0.664921 0.666667
-0.220163 -0.198970 -0.187939 -0.229579 0.738799 -0.633617 0.664921 0.750000
-0.216614 -0.228374 -0.208814 -0.178733 0.318815 -0.930812 0.664921 0.833333
-0.201296 -0.295699 -0.197296 0.039729 -0.641217 -0.766331 0.664921 1.000000
-0.232626 -0.268429 -0.209178 -0.102683 -0.190685 -0.976266 0.670157 0.916667
-0.224128 -0.300331 -0.194246 0.018495 -0.645685 -0.763380 0.670157 0.000000
-0.215978 -0.320115 -0.165003 0.134762 -0.928319 -0.346501 0.670157 0.083333
-0.210361 -0.322478 -0.129285 0.215078 -0.962846 0.163307 0.670157 0.166667
-0.208782 -0.306788 -0.096661 0.237871 -0.739458 0.629777 0.670157 0.250000
-0.198464 -0.237765 -0.075138 0.080454 0.185566 0.979333 0.664921 0.416667
-0.211663 -0.277249 -0.075875 0.196871 -0.317462 0.927610 0.670157 0.333333
-0.226731 -0.209873 -0.087426 -0.018690 0.646572 0.762624 0.670157 0.500000
-0.234881 -0.190090 -0.116669 -0.135269 0.929179 0.343989 0.670157 0.583333
-0.240498 -0.187726 -0.152387 -0.215441 0.962178 -0.166729 0.670157 0.666667
-0.242077 -0.203416 -0.185011 -0.237779 0.737287 -0.632352 0.670157 0.750000
-0.239196 -0.232955 -0.205797 -0.196466 0.315311 -0.928429 0.670157 0.833333
-0.224128 -0.300331 -0.194246 0.018495 -0.645685 -0.763380 0.670157 1.000000
-0.255704 -0.272928 -0.205612 -0.121541 -0.194454 -0.973353 0.675393 0.916667
-0.247186 -0.304827 -0.190684 -0.000039 -0.649481 -0.760378 0.675393 0.000000
-0.238668 -0.324539 -0.161497 0.121490 -0.931016 -0.344165 0.675393 0.083333
-0.232432 -0.326782 -0.125874 0.210598 -0.963667 0.164299 0.675393 0.166667
-0.230150 -0.310955 -0.093358 0.243388 -0.738242 0.629096 0.675393 0.250000
-0.238669 -0.245761 -0.069334 0.121817 0.193651 0.973478 0.675393 0.416667
-0.218233 -0.241776 -0.072494 0.102945 0.190068 0.976359 0.670157 0.416667
-0.247188 -0.213862 -0.084263 -0.000065 0.650016 0.759920 0.675393 0.500000
-0.255706 -0.194151 -0.113449 -0.121913 0.931671 0.342237 0.675393 0.583333
-0.261941 -0.191908 -0.149073 -0.210960 0.963104 -0.167115 0.675393 0.666667
-0.264223 -0.207734 -0.181588 -0.243368 0.736339 -0.631330 0.675393 0.750000
-0.261940 -0.237390 -0.202283 -0.210596 0.312624 -0.926238 0.675393 0.833333
-0.247186 -0.304827 -0.190684 -0.000039 -0.649481 -0.760378 0.675393 1.000000
-0.278834 -0.277242 -0.201647 -0.136725 -0.197413 -0.970739 0.680628 0.916667
-0.270376 -0.309152 -0.186708 -0.016044 -0.652673 -0.757470 0.680628 0.000000
-0.261617 -0.328819 -0.157562 0.108926 -0.933476 -0.341699 0.680628 0.083333
-0.254904 -0.330973 -0.122020 0.204813 -0.964691 0.165598 0.680628 0.166667
-0.232433 -0.281299 -0.072663 0.210936 -0.314656 0.925472 0.675393 0.333333
-0.252036 -0.315037 -0.089605 0.245934 -0.737633 0.628819 0.680628 0.250000
-0.259671 -0.249678 -0.065731 0.137030 0.196353 0.970911 0.680628 0.416667
-0.268129 -0.217768 -0.080670 0.016058 0.652807 0.757354 0.680628 0.500000
-0.276888 -0.198102 -0.109815 -0.109228 0.933915 0.340400 0.680628 0.583333
-0.283601 -0.195947 -0.145358 -0.205140 0.964242 -0.167794 0.680628 0.666667
-0.286470 -0.211883 -0.177773 -0.245970 0.735988 -0.630730 0.680628 0.750000
-0.284725 -0.241639 -0.198376 -0.220885 0.310748 -0.924470 0.680628 0.833333
-0.270376 -0.309152 -0.186708 -0.016044 -0.652673 -0.757470 0.680628 1.000000
-0.301900 -0.281326 -0.197398 -0.148108 -0.199594 -0.968621 0.685864 0.916667
-0.293600 -0.313264 -0.182431 -0.029628 -0.655316 -0.754774 0.685864 0.000000
-0.284742 -0.332913 -0.153303 0.096754 -0.935756 -0.339114 0.685864 0.083333
-0.277701 -0.335009 -0.117821 0.197284 -0.965965 0.167306 0.685864 0.166667
-0.253781 -0.285281 -0.069001 0.221168 -0.312708 0.923742 0.680628 0.333333
-0.274363 -0.318990 -0.085492 0.245067 -0.737655 0.629132 0.685864 0.250000
-0.281141 -0.253480 -0.061775 0.148452 0.198201 0.968854 0.685864 0.416667
-0.289441 -0.221542 -0.076743 0.029784 0.654989 0.755051 0.685864 0.500000
-0.298298 -0.201893 -0.105870 -0.096903 0.935963 0.338500 0.685864 0.583333
-0.305340 -0.199797 -0.141352 -0.197550 0.965640 -0.168856 0.685864 0.666667
-0.308678 -0.215816 -0.173682 -0.245147 0.736265 -0.630728 0.685864 0.750000
-0.307419 -0.245657 -0.194196 -0.227008 0.309683 -0.923344 0.685864 0.833333
-0.293600 -0.313264 -0.182431 -0.029628 -0.655316 -0.754774 0.685864 1.000000
-0.324775 -0.285128 -0.192998 -0.155470 -0.201027 -0.967170 0.691099 0.916667
-0.316749 -0.317111 -0.177978 -0.040848 -0.657456 -0.752385 0.691099 0.000000
-0.307953 -0.336771 -0.148839 0.084655 -0.937905 -0.336404 0.691099 0.083333
-0.300746 -0.338839 -0.113389 0.187513 -0.967523 0.169526 0.691099 0.166667
-0.275622 -0.289148 -0.064977 0.227235 -0.311618 0.922637 0.685864 0.333333
-0.297057 -0.322762 -0.081126 0.240243 -0.738324 0.630207 0.691099 0.250000
-0.302982 -0.257110 -0.057573 0.155856 0.199215 0.967483 0.691099 0.416667
-0.311008 -0.225127 -0.072593 0.041165 0.656594 0.753120 0.691099 0.500000
-0.319803 -0.205467 -0.101732 -0.084623 0.937855 0.336553 0.691099 0.583333
-0.327011 -0.203399 -0.137182 -0.187698 0.967336 -0.170386 0.691099 0.666667
-0.330699 -0.219476 -0.169445 -0.240360 0.737188 -0.631491 0.691099 0.750000
-0.329881 -0.249391 -0.189875 -0.228525 0.309423 -0.923057 0.691099 0.833333
-0.316749 -0.317111 -0.177978 -0.040848 -0.657456 -0.752385 0.691099 1.000000
-0.347331 -0.288589 -0.188587 -0.158634 -0.201751 -0.966505 0.696335 0.916667
-0.339712 -0.320635 -0.173488 -0.049772 -0.659122 -0.750388 0.696335 0.000000
-0.331156 -0.340331 -0.144302 0.072335 -0.939938 -0.333593 0.696335 0.083333
-0.323954 -0.342401 -0.108851 0.175063 -0.969363 0.172304 0.696335 0.166667
-0.297875 -0.292847 -0.060696 0.228694 -0.311384 0.922355 0.691099 0.333333
-0.320037 -0.326289 -0.076632 0.230997 -0.739612 0.632151 0.696335 0.250000
-0.325092 -0.260504 -0.053248 0.159053 0.199464 0.966911 0.696335 0.416667
-0.332711 -0.228459 -0.068347 0.050249 0.657681 0.751619 0.696335 0.500000
-0.341267 -0.208762 -0.097533 -0.072112 0.939618 0.334541 0.696335 0.583333
-0.348469 -0.206693 -0.132984 -0.175150 0.969319 -0.172463 0.696335 0.666667
-0.352386 -0.222805 -0.165202 -0.231141 0.738724 -0.633136 0.696335 0.750000
-0.351970 -0.252781 -0.185554 -0.225060 0.309926 -0.923739 0.696335 0.833333
-0.339712 -0.320635 -0.173488 -0.049772 -0.659122 -0.750388 0.696335 1.000000
-0.369465 -0.291657 -0.184300 -0.157727 -0.201859 -0.966631 0.701571 0.916667
-0.362392 -0.323778 -0.169096 -0.056597 -0.660348 -0.748824 0.701571 0.000000
-0.354251 -0.343532 -0.139831 0.059589 -0.941835 -0.330750 0.701571 0.083333
-0.347225 -0.345625 -0.104345 0.159779 -0.971413 0.175575 0.701571 0.166667
-0.320453 -0.296312 -0.056280 0.225170 -0.311948 0.923031 0.696335 0.333333
-0.343195 -0.329498 -0.072149 0.217264 -0.741397 0.634922 0.701571 0.250000
-0.347353 -0.263589 -0.048937 0.158162 0.199109 0.967130 0.701571 0.416667
-0.354426 -0.231469 -0.064141 0.057197 0.658356 0.750530 0.701571 0.500000
-0.362567 -0.211715 -0.093407 -0.059203 0.941262 0.332447 0.701571 0.583333
-0.369593 -0.209621 -0.128892 -0.159773 0.971502 -0.175093 0.701571 0.666667
-0.373623 -0.225749 -0.161089 -0.217423 0.740729 -0.635647 0.701571 0.750000
-0.373576 -0.255776 -0.181370 -0.216644 0.311053 -0.925371 0.701571 0.833333
-0.362392 -0.323778 -0.169096 -0.056597 -0.660348 -0.748824 0.701571 1.000000
-0.391102 -0.294290 -0.180253 -0.153079 -0.201518 -0.967449 0.706806 0.916667
-0.384706 -0.326493 -0.164923 -0.061575 -0.661215 -0.747665 0.706806 0.000000
-0.377148 -0.346317 -0.135549 0.046308 -0.943570 -0.327921 0.706806 0.083333
-0.370454 -0.348451 -0.100002 0.141727 -0.973545 0.179231 0.706806 0.166667
-0.343242 -0.299471 -0.051868 0.216700 -0.313151 0.924650 0.701571 0.333333
-0.366417 -0.332322 -0.067807 0.199267 -0.743479 0.638382 0.706806 0.250000
-0.369641 -0.266301 -0.044769 0.153507 0.198325 0.968041 0.706806 0.416667
-0.376038 -0.234098 -0.060099 0.062256 0.658705 0.749821 0.706806 0.500000
-0.383595 -0.214274 -0.089473 -0.045797 0.942759 0.330314 0.706806 0.583333
-0.390289 -0.212140 -0.125020 -0.141640 0.973754 -0.178163 0.706806 0.666667
-0.394326 -0.228268 -0.157215 -0.199434 0.743007 -0.638879 0.706806 0.750000
-0.394623 -0.258337 -0.177432 -0.203596 0.312593 -0.927812 0.706806 0.833333
-0.384706 -0.326493 -0.164923 -0.061575 -0.661215 -0.747665 0.706806 1.000000
-0.412178 -0.296456 -0.176540 -0.144980 -0.200900 -0.968824 0.712042 0.916667
-0.406584 -0.328741 -0.161069 -0.064905 -0.661801 -0.746865 0.712042 0.000000
-0.399766 -0.348641 -0.131566 0.032437 -0.945103 -0.325158 0.712042 0.083333
-0.393551 -0.350823 -0.095935 0.121010 -0.975612 0.183134 0.712042 0.166667
-0.366120 -0.302253 -0.047590 0.203601 -0.314777 0.927072 0.706806 0.333333
-0.389603 -0.334704 -0.063724 0.177240 -0.745643 0.642342 0.712042 0.250000
-0.391853 -0.268583 -0.040857 0.145376 0.197286 0.969507 0.712042 0.416667
-0.397447 -0.236298 -0.056328 0.065620 0.658803 0.749448 0.712042 0.500000
-0.404266 -0.216398 -0.085831 -0.031844 0.944070 0.328203 0.712042 0.583333
-0.410481 -0.214215 -0.121462 -0.120859 0.975931 -0.181527 0.712042 0.666667
-0.414428 -0.230335 -0.153673 -0.177409 0.745350 -0.642635 0.712042 0.750000
-0.415049 -0.260437 -0.173833 -0.186220 0.314329 -0.930870 0.712042 0.833333
-0.406584 -0.328741 -0.161069 -0.064905 -0.661801 -0.746865 0.712042 1.000000
-0.432642 -0.298136 -0.173236 -0.133686 -0.200173 -0.970597 0.717277 0.916667
-0.427969 -0.330496 -0.157617 -0.066744 -0.662177 -0.746369 0.717277 0.000000
-0.422037 -0.350468 -0.127972 0.017959 -0.946389 -0.322529 0.717277 0.083333
-0.416436 -0.352701 -0.092242 0.097758 -0.977461 0.187117 0.717277 0.166667
-0.388982 -0.304602 -0.043564 0.186174 -0.316600 0.930110 0.712042 0.333333
-0.412667 -0.336596 -0.060003 0.151424 -0.747669 0.646577 0.717277 0.250000
-0.413902 -0.270392 -0.037298 0.134023 0.196167 0.971368 0.717277 0.416667
-0.418576 -0.238032 -0.052917 0.067442 0.658725 0.749355 0.717277 0.500000
-0.424507 -0.218060 -0.082562 -0.017330 0.945149 0.326180 0.717277 0.583333
-0.430108 -0.215827 -0.118292 -0.097560 0.977881 -0.185015 0.717277 0.666667
-0.433877 -0.231932 -0.150531 -0.151589 0.747539 -0.646689 0.717277 0.750000
-0.434805 -0.262059 -0.170642 -0.164801 0.316037 -0.934324 0.717277 0.833333
-0.427969 -0.330496 -0.157617 -0.066744 -0.662177 -0.746369 0.717277 1.000000
-0.452458 -0.299320 -0.170397 -0.119460 -0.199501 -0.972589 0.722513 0.916667
-0.448815 -0.331742 -0.154631 -0.067228 -0.662408 -0.746121 0.722513 0.000000
-0.443905 -0.351775 -0.124840 0.002909 -0.947375 -0.320113 0.722513 0.083333
-0.439043 -0.354051 -0.089005 0.072164 -0.978936 0.190987 0.722513 0.166667
-0.411740 -0.306469 -0.039892 0.164707 -0.318390 0.933541 0.717277 0.333333
-0.435533 -0.337962 -0.056729 0.122122 -0.749335 0.650833 0.722513 0.250000
-0.435716 -0.271696 -0.034174 0.119714 0.195147 0.973441 0.722513 0.416667
-0.439359 -0.239274 -0.049939 0.067854 0.658548 0.749473 0.722513 0.500000
-0.444269 -0.219241 -0.079731 -0.002295 0.945947 0.324312 0.722513 0.583333
-0.449130 -0.216965 -0.115566 -0.071938 0.979447 -0.188437 0.722513 0.666667
-0.452640 -0.233054 -0.147842 -0.122271 0.749354 -0.650783 0.722513 0.750000
-0.453858 -0.263198 -0.167911 -0.139662 0.317494 -0.937919 0.722513 0.833333
-0.448815 -0.331742 -0.154631 -0.067228 -0.662408 -0.746121 0.722513 1.000000
-0.471608 -0.300011 -0.168059 -0.102622 -0.199043 -0.974603 0.727749 0.916667
-0.469091 -0.332473 -0.152157 -0.066479 -0.662550 -0.746062 0.727749 0.000000
-0.465321 -0.352546 -0.122227 -0.012613 -0.948008 -0.317997 0.727749 0.083333
-0.461311 -0.354854 -0.086289 0.044533 -0.979885 0.194533 0.727749 0.166667
-0.434315 -0.307818 -0.036659 0.139528 -0.319918 0.937115 0.722513 0.333333
-0.458133 -0.338776 -0.053973 0.089757 -0.750425 0.654832 0.727749 0.250000
-0.457231 -0.272471 -0.031550 0.102765 0.194401 0.975524 0.727749 0.416667
-0.459749 -0.240010 -0.047452 0.066976 0.658348 0.749728 0.727749 0.500000
-0.463518 -0.219936 -0.077381 0.013156 0.946420 0.322671 0.727749 0.583333
-0.467528 -0.217629 -0.113319 -0.044298 0.980474 -0.191595 0.727749 0.666667
-0.470706 -0.233706 -0.145636 -0.089877 0.750579 -0.654639 0.727749 0.750000
-0.472199 -0.263860 -0.165672 -0.111231 0.318487 -0.941379 0.727749 0.833333
-0.469091 -0.332473 -0.152157 -0.066479 -0.662550 -0.746062 0.727749 1.000000
-0.490097 -0.300219 -0.166243 -0.083583 -0.198934 -0.976442 0.732984 0.916667
-0.488781 -0.332694 -0.150224 -0.064632 -0.662656 -0.746129 0.732984 0.000000
-0.486250 -0.352781 -0.120173 -0.028421 -0.948242 -0.316274 0.732984 0.083333
-0.483182 -0.355099 -0.084143 0.015315 -0.980175 0.197540 0.732984 0.166667
-0.456640 -0.308622 -0.033937 0.111064 -0.320958 0.940559 0.727749 0.333333
-0.480399 -0.339026 -0.051788 0.054928 -0.750752 0.658297 0.732984 0.250000
-0.478394 -0.272709 -0.029472 0.083600 0.194091 0.977415 0.732984 0.416667
-0.479710 -0.240234 -0.045492 0.064951 0.658199 0.750037 0.732984 0.500000
-0.482242 -0.220147 -0.075542 0.028847 0.946531 0.321319 0.732984 0.583333
-0.485310 -0.217829 -0.111572 -0.015085 0.980828 -0.194291 0.732984 0.666667
-0.488093 -0.233902 -0.143927 -0.055001 0.751023 -0.657982 0.732984 0.750000
-0.489845 -0.264059 -0.163938 -0.080087 0.318823 -0.944425 0.732984 0.833333
-0.488781 -0.332694 -0.150224 -0.064632 -0.662656 -0.746129 0.732984 1.000000
-0.507954 -0.299964 -0.164951 -0.062883 -0.199276 -0.977924 0.738220 0.916667
-0.507888 -0.332421 -0.148841 -0.061841 -0.662768 -0.746267 0.738220 0.000000
-0.506662 -0.352490 -0.118697 -0.044243 -0.948052 -0.315024 0.738220 0.083333
-0.504603 -0.354793 -0.082594 -0.014861 -0.979720 0.199818 0.738220 0.166667
-0.478646 -0.308869 -0.031777 0.079907 -0.321307 0.943598 0.732984 0.333333
-0.502264 -0.338713 -0.050207 0.018452 -0.750181 0.660975 0.738220 0.250000
-0.499158 -0.272412 -0.027971 0.062774 0.194347 0.978922 0.738220 0.416667
-0.499223 -0.239955 -0.044080 0.061949 0.658171 0.750316 0.738220 0.500000
-0.500449 -0.219887 -0.074224 0.044515 0.946268 0.320304 0.738220 0.583333
-0.502508 -0.217583 -0.110327 0.015079 0.980417 -0.196354 0.738220 0.666667
-0.504847 -0.233663 -0.142714 -0.018454 0.750546 -0.660560 0.738220 0.750000
-0.506841 -0.263816 -0.162708 -0.047012 0.318366 -0.946802 0.738220 0.833333
-0.526430 -0.331679 -0.148004 -0.058298 -0.662909 -0.746427 0.743455 1.000000
-0.507888 -0.332421 -0.148841 -0.061841 -0.662768 -0.746267 0.738220 1.000000
-0.526430 -0.331679 -0.148004 -0.058298 -0.662909 -0.746427 0.743455 0.000000
-0.526537 -0.351695 -0.117799 -0.059713 -0.947443 -0.314302 0.743455 0.083333
-0.525523 -0.353956 -0.081649 -0.045175 -0.978502 0.201229 0.743455 0.166667
-0.500271 -0.308560 -0.030213 0.046847 -0.320815 0.945983 0.738220 0.333333
-0.523659 -0.337858 -0.049241 -0.018609 -0.748668 0.662684 0.743455 0.250000
-0.521446 -0.307713 -0.029257 0.012906 -0.319416 0.947527 0.743455 0.333333
-0.519476 -0.271599 -0.027053 0.041000 0.195244 0.979897 0.743455 0.416667
-0.518170 -0.219177 -0.073424 0.059809 0.945650 0.319640 0.743455 0.583333
-0.519185 -0.216916 -0.109574 0.045372 0.979218 -0.197672 0.743455 0.666667
-0.521048 -0.233014 -0.141982 0.018697 0.749099 -0.662194 0.743455 0.750000
-0.523262 -0.263159 -0.161966 -0.013031 0.317055 -0.948318 0.743455 0.833333
-0.525232 -0.299273 -0.164170 -0.041228 -0.200113 -0.978905 0.743455 0.916667
-0.544444 -0.330503 -0.147688 -0.054233 -0.663085 -0.746577 0.748691 1.000000
-0.545863 -0.350434 -0.117460 -0.074378 -0.946464 -0.314122 0.748691 0.083333
-0.545887 -0.352628 -0.081292 -0.074606 -0.976597 0.201722 0.748691 0.166667
-0.544511 -0.336498 -0.048875 -0.054943 -0.746288 0.663351 0.748691 0.250000
-0.542102 -0.306365 -0.028895 -0.020657 -0.317157 0.948148 0.748691 0.333333
-0.518277 -0.239193 -0.043219 0.058181 0.658322 0.750484 0.743455 0.500000
-0.539307 -0.270305 -0.026705 0.019155 0.196777 0.980261 0.748691 0.416667
-0.536874 -0.237979 -0.042893 0.053909 0.658689 0.750482 0.748691 0.500000
-0.535455 -0.218049 -0.073121 0.074302 0.944735 0.319303 0.748691 0.583333
-0.536807 -0.231985 -0.141706 0.055131 0.746753 -0.662813 0.748691 0.750000
-0.539216 -0.262117 -0.161687 0.020596 0.314950 -0.948885 0.748691 0.833333
-0.542011 -0.298177 -0.163876 -0.019471 -0.201412 -0.979313 0.748691 0.916667
-0.561984 -0.328937 -0.147855 -0.049916 -0.663282 -0.746703 0.753927 1.000000
-0.564638 -0.348758 -0.117639 -0.087706 -0.945216 -0.314442 0.753927 0.083333
-0.544444 -0.330503 -0.147688 -0.054233 -0.663085 -0.746577 0.748691 0.000000
-0.565650 -0.350864 -0.081479 -0.101973 -0.974195 0.201361 0.753927 0.166667
-0.564747 -0.334692 -0.049066 -0.089027 -0.743262 0.663051 0.753927 0.250000
-0.562172 -0.304575 -0.029085 -0.052369 -0.314224 0.947903 0.753927 0.333333
-0.558615 -0.268582 -0.026889 -0.001734 0.198842 0.980030 0.753927 0.416667
-0.555029 -0.236358 -0.043066 0.049441 0.659272 0.750277 0.753927 0.500000
-0.535431 -0.215855 -0.109289 0.074784 0.977300 -0.198220 0.748691 0.666667
-0.552375 -0.216538 -0.073283 0.087490 0.943633 0.319221 0.753927 0.583333
-0.551363 -0.214431 -0.109442 0.102134 0.974849 -0.198089 0.753927 0.666667
-0.554841 -0.260720 -0.161837 0.052387 0.312252 -0.948554 0.753927 0.833333
-0.558398 -0.296713 -0.164033 0.001375 -0.203047 -0.979168 0.753927 0.916667
-0.579122 -0.327033 -0.148451 -0.045667 -0.663455 -0.746821 0.759162 1.000000
-0.582873 -0.346733 -0.118272 -0.099127 -0.943847 -0.315161 0.759162 0.083333
-0.561984 -0.328937 -0.147855 -0.049916 -0.663282 -0.746703 0.753927 0.000000
-0.584767 -0.348742 -0.082143 -0.125977 -0.971593 0.200340 0.759162 0.166667
-0.584297 -0.332522 -0.049744 -0.119177 -0.739955 0.662015 0.759162 0.250000
-0.581589 -0.302419 -0.029758 -0.080611 -0.310947 0.947002 0.759162 0.333333
-0.577369 -0.266500 -0.027539 -0.020526 0.201233 0.979328 0.759162 0.416667
-0.572767 -0.234388 -0.043683 0.045127 0.660044 0.749871 0.759162 0.500000
-0.569016 -0.214688 -0.073862 0.098830 0.942496 0.319270 0.759162 0.583333
-0.552266 -0.230603 -0.141855 0.089305 0.743724 -0.662495 0.753927 0.750000
-0.567122 -0.212679 -0.109991 0.126118 0.972159 -0.197487 0.759162 0.666667
-0.570300 -0.259001 -0.162376 0.080702 0.309297 -0.947535 0.759162 0.833333
-0.574520 -0.294921 -0.164595 0.020178 -0.204794 -0.978597 0.759162 0.916667
-0.595948 -0.324852 -0.149407 -0.041832 -0.663536 -0.746974 0.764398 1.000000
-0.600591 -0.344437 -0.119277 -0.108057 -0.942543 -0.316128 0.764398 0.083333
-0.579122 -0.327033 -0.148451 -0.045667 -0.663455 -0.746821 0.759162 0.000000
-0.603209 -0.346353 -0.083187 -0.145265 -0.969181 0.198963 0.764398 0.166667
-0.603102 -0.330087 -0.050809 -0.143636 -0.736850 0.660621 0.764398 0.250000
-0.600298 -0.299997 -0.030818 -0.103677 -0.307774 0.945794 0.764398 0.333333
-0.595549 -0.264145 -0.028570 -0.036024 0.203659 0.978379 0.764398 0.416667
-0.590126 -0.232139 -0.044667 0.041337 0.660941 0.749298 0.764398 0.500000
-0.585484 -0.212553 -0.074797 0.107760 0.941510 0.319290 0.764398 0.583333
-0.567592 -0.228899 -0.142390 0.119513 0.740376 -0.661483 0.759162 0.750000
-0.582865 -0.210637 -0.110886 0.145381 0.969619 -0.196732 0.764398 0.666667
-0.585776 -0.256994 -0.163256 0.103808 0.306546 -0.946178 0.764398 0.833333
-0.590526 -0.292846 -0.165504 0.035743 -0.206351 -0.977825 0.764398 0.916667
-0.612565 -0.322466 -0.150635 -0.038774 -0.663455 -0.747211 0.769634 1.000000
-0.617832 -0.341962 -0.120550 -0.113959 -0.941502 -0.317155 0.769634 0.083333
-0.595948 -0.324852 -0.149407 -0.041832 -0.663536 -0.746974 0.764398 0.000000
-0.620964 -0.343806 -0.084498 -0.158556 -0.967375 0.197601 0.769634 0.166667
-0.621121 -0.327502 -0.052139 -0.160720 -0.734478 0.659326 0.769634 0.250000
-0.618261 -0.297419 -0.032143 -0.119930 -0.305210 0.944703 0.769634 0.333333
-0.613151 -0.261619 -0.029869 -0.047071 0.205767 0.977468 0.769634 0.416667
-0.607160 -0.229693 -0.045926 0.038437 0.661869 0.748634 0.769634 0.500000
-0.601893 -0.210197 -0.076011 0.113743 0.940865 0.319118 0.769634 0.583333
-0.582972 -0.226904 -0.143265 0.143966 0.737196 -0.660163 0.764398 0.750000
-0.598762 -0.208354 -0.112063 0.158626 0.967652 -0.196184 0.769634 0.666667
-0.601464 -0.254740 -0.164417 0.120044 0.304497 -0.944918 0.769634 0.833333
-0.606574 -0.290540 -0.166691 0.046899 -0.207391 -0.977133 0.769634 0.916667
-0.629082 -0.319956 -0.152035 -0.036760 -0.663222 -0.747519 0.774869 1.000000
-0.634672 -0.339404 -0.121977 -0.116591 -0.940894 -0.318002 0.774869 0.083333
-0.612565 -0.322466 -0.150635 -0.038774 -0.663455 -0.747211 0.769634 0.000000
-0.638075 -0.341206 -0.085947 -0.165158 -0.966468 0.196627 0.774869 0.166667
-0.638380 -0.324880 -0.053600 -0.169484 -0.733223 0.658529 0.774869 0.250000
-0.635506 -0.294799 -0.033604 -0.128439 -0.303668 0.944081 0.774869 0.333333
-0.630222 -0.259025 -0.031315 -0.053008 0.207220 0.976857 0.774869 0.416667
-0.623944 -0.227143 -0.047348 0.036638 0.662675 0.748010 0.774869 0.500000
-0.618355 -0.207695 -0.077406 0.116504 0.940662 0.318718 0.774869 0.583333
-0.598605 -0.224657 -0.144422 0.160956 0.734722 -0.658997 0.769634 0.750000
-0.614952 -0.205892 -0.113435 0.165175 0.966579 -0.196068 0.774869 0.666667
-0.617521 -0.252299 -0.165779 0.128495 0.303487 -0.944132 0.774869 0.833333
-0.622805 -0.288073 -0.168067 0.052958 -0.207742 -0.976749 0.774869 0.916667
-0.645597 -0.317403 -0.153502 -0.035843 -0.662887 -0.747861 0.780105 1.000000
-0.651219 -0.336846 -0.123447 -0.116172 -0.940768 -0.318527 0.780105 0.083333
-0.629082 -0.319956 -0.152035 -0.036760 -0.663222 -0.747519 0.774869 0.000000
-0.654661 -0.338643 -0.087421 -0.165375 -0.966513 0.196223 0.780105 0.166667
-0.655001 -0.322311 -0.055077 -0.170248 -0.733165 0.658395 0.780105 0.250000
-0.652149 -0.292228 -0.035082 -0.129478 -0.303279 0.944064 0.780105 0.333333
-0.646868 -0.256453 -0.032794 -0.054005 0.207870 0.976664 0.780105 0.416667
-0.640573 -0.224573 -0.048825 0.035928 0.663260 0.747526 0.780105 0.500000
-0.634952 -0.205130 -0.078880 0.116216 0.940896 0.318133 0.780105 0.583333
-0.614647 -0.222219 -0.145782 0.169574 0.733360 -0.658352 0.774869 0.750000
-0.631510 -0.203334 -0.114906 0.165360 0.966473 -0.196434 0.780105 0.666667
-0.634022 -0.249749 -0.167245 0.129486 0.303563 -0.943972 0.780105 0.833333
-0.639303 -0.285523 -0.169533 0.054072 -0.207419 -0.976757 0.780105 0.916667
-0.662195 -0.314881 -0.154945 -0.035937 -0.662474 -0.748223 0.785340 1.000000
-0.667598 -0.334357 -0.124871 -0.113168 -0.941061 -0.318744 0.785340 0.083333
-0.645597 -0.317403 -0.153502 -0.035843 -0.662887 -0.747861 0.780105 0.000000
-0.670877 -0.336178 -0.088831 -0.160097 -0.967376 0.196349 0.785340 0.166667
-0.671153 -0.319856 -0.056482 -0.164083 -0.734148 0.658865 0.785340 0.250000
-0.668352 -0.289765 -0.036492 -0.124027 -0.303912 0.944592 0.785340 0.333333
-0.663225 -0.253967 -0.034217 -0.050697 0.207786 0.976860 0.785340 0.416667
-0.657146 -0.222055 -0.050266 0.036190 0.663620 0.747194 0.785340 0.500000
-0.651743 -0.202579 -0.080340 0.113325 0.941491 0.317414 0.785340 0.583333
-0.631169 -0.219665 -0.147250 0.170214 0.733203 -0.658362 0.780105 0.750000
-0.648465 -0.200758 -0.116380 0.160076 0.967204 -0.197209 0.785340 0.666667
-0.650989 -0.247171 -0.168720 0.124020 0.304575 -0.944380 0.785340 0.833333
-0.656116 -0.282969 -0.170995 0.050869 -0.206524 -0.977118 0.785340 0.916667
-0.678954 -0.312450 -0.156286 -0.036927 -0.662019 -0.748576 0.790576 1.000000
-0.683933 -0.331987 -0.126178 -0.108121 -0.941663 -0.318718 0.790576 0.083333
-0.662195 -0.314881 -0.154945 -0.035937 -0.662474 -0.748223 0.785340 0.000000
-0.686882 -0.333856 -0.090112 -0.150372 -0.968832 0.196857 0.790576 0.166667
-0.687010 -0.317555 -0.057751 -0.152268 -0.735898 0.659749 0.790576 0.250000
-0.684284 -0.287453 -0.037767 -0.113258 -0.305322 0.945490 0.790576 0.333333
-0.679434 -0.251615 -0.035514 -0.043843 0.207119 0.977333 0.790576 0.416667
-0.673759 -0.219644 -0.051595 0.037286 0.663774 0.747004 0.790576 0.500000
-0.668780 -0.200107 -0.081703 0.108350 0.942333 0.316651 0.790576 0.583333
-0.648189 -0.217080 -0.148729 0.163979 0.734092 -0.658954 0.785340 0.750000
-0.665831 -0.198239 -0.117769 0.150358 0.968554 -0.198233 0.790576 0.666667
-0.668428 -0.244641 -0.170114 0.113262 0.306267 -0.945184 0.790576 0.833333
-0.673279 -0.280479 -0.172367 0.044090 -0.205228 -0.977721 0.790576 0.916667
-0.695946 -0.310156 -0.157459 -0.038667 -0.661566 -0.748889 0.795812 1.000000
-0.700346 -0.329771 -0.127312 -0.101601 -0.942449 -0.318538 0.795812 0.083333
-0.678954 -0.312450 -0.156286 -0.036927 -0.662019 -0.748576 0.790576 0.000000
-0.702838 -0.331701 -0.091215 -0.137335 -0.970623 0.197560 0.795812 0.166667
-0.702754 -0.315429 -0.058839 -0.136198 -0.738094 0.660808 0.795812 0.250000
-0.700117 -0.285315 -0.038861 -0.098452 -0.307217 0.946533 0.795812 0.333333
-0.695633 -0.249428 -0.036633 -0.034266 0.206056 0.977940 0.795812 0.416667
-0.690504 -0.217384 -0.052751 0.039066 0.663754 0.746930 0.795812 0.500000
-0.686104 -0.197769 -0.082898 0.101856 0.943295 0.315944 0.795812 0.583333
-0.665702 -0.214539 -0.150130 0.152142 0.735755 -0.659938 0.790576 0.750000
-0.683612 -0.195839 -0.118996 0.137336 0.970266 -0.199308 0.795812 0.666667
-0.686332 -0.242225 -0.171349 0.098487 0.308346 -0.946162 0.795812 0.833333
-0.690816 -0.278112 -0.173578 0.034555 -0.203726 -0.978418 0.795812 0.916667
-0.713237 -0.308036 -0.158415 -0.040993 -0.661156 -0.749128 0.801047 1.000000
-0.716956 -0.327734 -0.128230 -0.094193 -0.943303 -0.318287 0.801047 0.083333
-0.695946 -0.310156 -0.157459 -0.038667 -0.661566 -0.748889 0.795812 0.000000
-0.718906 -0.329730 -0.092103 -0.122166 -0.972503 0.198277 0.801047 0.166667
-0.718564 -0.313490 -0.059714 -0.117331 -0.740429 0.661814 0.801047 0.250000
-0.716023 -0.283364 -0.039741 -0.080952 -0.309311 0.947509 0.801047 0.333333
-0.711962 -0.247425 -0.037536 -0.022830 0.204780 0.978542 0.801047 0.416667
-0.707471 -0.215303 -0.053689 0.041377 0.663597 0.746945 0.801047 0.500000
-0.703752 -0.195605 -0.083874 0.094436 0.944254 0.315381 0.801047 0.583333
-0.683695 -0.212111 -0.151371 0.136088 0.737877 -0.661073 0.795812 0.750000
-0.701802 -0.193608 -0.120001 0.122183 0.972096 -0.200252 0.801047 0.666667
-0.704685 -0.239975 -0.172364 0.081028 0.310528 -0.947104 0.801047 0.833333
-0.708745 -0.275914 -0.174569 0.023131 -0.202206 -0.979070 0.801047 0.916667
-0.730888 -0.306109 -0.159119 -0.043730 -0.660823 -0.749267 0.806283 1.000000
-0.733876 -0.325887 -0.128905 -0.086479 -0.944128 -0.318030 0.806283 0.083333
-0.713237 -0.308036 -0.158415 -0.040993 -0.661156 -0.749128 0.801047 0.000000
-0.735241 -0.327947 -0.092755 -0.106052 -0.974270 0.198873 0.806283 0.166667
-0.734615 -0.311737 -0.060354 -0.097142 -0.742649 0.662598 0.806283 0.250000
-0.732168 -0.281601 -0.040385 -0.062118 -0.311366 0.948258 0.806283 0.333333
-0.728555 -0.245614 -0.038197 -0.010412 0.203452 0.979030 0.806283 0.416667
-0.724743 -0.213417 -0.054378 0.044057 0.663340 0.747020 0.806283 0.500000
-0.721755 -0.193639 -0.084592 0.086679 0.945117 0.315024 0.806283 0.583333
-0.702143 -0.209849 -0.152390 0.117264 0.740154 -0.662134 0.801047 0.750000
-0.720391 -0.191579 -0.120742 0.106080 0.973844 -0.200935 0.806283 0.666667
-0.721017 -0.207789 -0.153143 0.097125 0.742335 -0.662952 0.806283 0.750000
-0.727077 -0.273912 -0.175300 0.010695 -0.200822 -0.979569 0.806283 0.916667
-0.745821 -0.272122 -0.175748 -0.001899 -0.199679 -0.979860 0.811518 0.916667
-0.748957 -0.304383 -0.159551 -0.046698 -0.660589 -0.749294 0.811518 0.000000
-0.730888 -0.306109 -0.159119 -0.043730 -0.660823 -0.749267 0.806283 0.000000
-0.751215 -0.324230 -0.129320 -0.079007 -0.944860 -0.317801 0.811518 0.083333
-0.751989 -0.326347 -0.093156 -0.090128 -0.975789 0.199279 0.811518 0.166667
-0.748712 -0.280021 -0.040781 -0.043253 -0.313212 0.948698 0.811518 0.333333
-0.745538 -0.243991 -0.038604 0.002146 0.202187 0.979345 0.811518 0.416667
-0.742402 -0.211730 -0.054801 0.046949 0.663012 0.747135 0.811518 0.500000
-0.740144 -0.191883 -0.085032 0.079150 0.945822 0.314891 0.811518 0.583333
-0.739369 -0.189766 -0.121197 0.090160 0.975372 -0.201296 0.811518 0.666667
-0.740285 -0.205948 -0.153604 0.077069 0.744246 -0.663444 0.811518 0.750000
-0.723464 -0.237925 -0.173112 0.062229 0.312580 -0.947851 0.806283 0.833333
-0.742647 -0.236092 -0.173572 0.043387 0.314343 -0.948317 0.811518 0.833333
-0.748957 -0.304383 -0.159551 -0.046698 -0.660589 -0.749294 0.811518 1.000000
-0.764985 -0.270538 -0.175911 -0.013867 -0.198825 -0.979937 0.816754 0.916667
-0.767495 -0.302851 -0.159709 -0.049733 -0.660462 -0.749211 0.816754 0.000000
-0.769070 -0.322755 -0.129472 -0.072280 -0.945464 -0.317604 0.816754 0.083333
-0.751073 -0.310165 -0.060748 -0.077042 -0.744580 0.663072 0.811518 0.250000
-0.769289 -0.324918 -0.093302 -0.075434 -0.976992 0.199492 0.816754 0.166667
-0.765801 -0.278609 -0.040925 -0.025555 -0.314760 0.948827 0.816754 0.333333
-0.763030 -0.242546 -0.038752 0.014068 0.201056 0.979479 0.816754 0.416667
-0.760520 -0.210233 -0.054955 0.049907 0.662642 0.747271 0.816754 0.500000
-0.758945 -0.190329 -0.085192 0.072367 0.946339 0.314968 0.816754 0.583333
-0.758726 -0.188166 -0.121361 0.075462 0.976609 -0.201345 0.816754 0.666667
-0.759922 -0.204325 -0.153771 0.058383 0.745798 -0.663608 0.816754 0.750000
-0.762213 -0.234475 -0.173738 0.025698 0.315735 -0.948500 0.816754 0.833333
-0.767495 -0.302851 -0.159709 -0.049733 -0.660462 -0.749211 0.816754 1.000000
-0.784580 -0.269141 -0.175802 -0.024514 -0.198267 -0.979841 0.821990 0.916667
-0.786550 -0.301493 -0.159602 -0.052686 -0.660438 -0.749030 0.821990 0.000000
-0.787531 -0.321440 -0.129368 -0.066737 -0.945934 -0.317419 0.821990 0.083333
-0.768092 -0.308760 -0.060892 -0.058327 -0.746132 0.663238 0.816754 0.250000
-0.787260 -0.323638 -0.093201 -0.062877 -0.977866 0.199563 0.821990 0.166667
-0.783569 -0.277344 -0.040825 -0.010082 -0.315981 0.948712 0.821990 0.333333
-0.781137 -0.241256 -0.038651 0.024665 0.200086 0.979468 0.821990 0.416667
-0.779167 -0.208905 -0.054850 0.052791 0.662247 0.747424 0.821990 0.500000
-0.778185 -0.188957 -0.085084 0.066775 0.946671 0.315208 0.821990 0.583333
-0.778456 -0.186759 -0.121251 0.062895 0.977539 -0.201149 0.821990 0.666667
-0.779907 -0.202900 -0.153660 0.042197 0.746969 -0.663518 0.821990 0.750000
-0.782148 -0.233053 -0.173627 0.010212 0.316739 -0.948458 0.821990 0.833333
-0.786550 -0.301493 -0.159602 -0.052686 -0.660438 -0.749030 0.821990 1.000000
-0.804617 -0.267896 -0.175452 -0.033253 -0.197980 -0.979642 0.827225 0.916667
-0.806168 -0.300274 -0.159259 -0.055428 -0.660507 -0.748771 0.827225 0.000000
-0.806678 -0.320251 -0.129033 -0.062743 -0.946277 -0.317211 0.827225 0.083333
-0.785810 -0.307498 -0.060792 -0.042133 -0.747286 0.663165 0.821990 0.250000
-0.806012 -0.322474 -0.092873 -0.053222 -0.978436 0.199577 0.827225 0.166667
-0.802130 -0.276192 -0.040500 0.002281 -0.316893 0.948458 0.827225 0.333333
-0.799955 -0.240088 -0.038321 0.033356 0.199276 0.979376 0.827225 0.416667
-0.798404 -0.207710 -0.054514 0.055483 0.661836 0.747592 0.827225 0.500000
-0.797894 -0.187733 -0.084740 0.062751 0.946832 0.315549 0.827225 0.583333
-0.798560 -0.185510 -0.120900 0.053228 0.978183 -0.200812 0.827225 0.666667
-0.800225 -0.201637 -0.153305 0.029468 0.747783 -0.663289 0.827225 0.750000
-0.802442 -0.231792 -0.173273 -0.002180 0.317382 -0.948295 0.827225 0.833333
-0.806168 -0.300274 -0.159259 -0.055428 -0.660507 -0.748771 0.827225 1.000000
-0.825113 -0.266753 -0.174907 -0.039607 -0.197927 -0.979416 0.832461 0.916667
-0.826389 -0.299147 -0.158721 -0.057852 -0.660653 -0.748459 0.832461 0.000000
-0.826580 -0.319142 -0.128503 -0.060592 -0.946507 -0.316942 0.832461 0.083333
-0.804347 -0.306347 -0.060468 -0.029415 -0.748071 0.662967 0.827225 0.250000
-0.825634 -0.321380 -0.092350 -0.047082 -0.978740 0.199630 0.832461 0.166667
-0.821584 -0.275108 -0.039982 0.010814 -0.317531 0.948186 0.832461 0.333333
-0.819564 -0.238996 -0.037799 0.039663 0.198613 0.979275 0.832461 0.416667
-0.818288 -0.206602 -0.053984 0.057876 0.661418 0.747781 0.832461 0.500000
-0.818098 -0.186607 -0.084202 0.060586 0.946847 0.315929 0.832461 0.583333
-0.819043 -0.184369 -0.120355 0.047077 0.978573 -0.200444 0.832461 0.666667
-0.820872 -0.200486 -0.152757 0.020968 0.748283 -0.663048 0.832461 0.750000
-0.823094 -0.230641 -0.172724 -0.010756 0.317712 -0.948126 0.832461 0.833333
-0.826389 -0.299147 -0.158721 -0.057852 -0.660653 -0.748459 0.832461 1.000000
-0.846086 -0.265651 -0.174228 -0.043199 -0.198075 -0.979235 0.837696 0.916667
-0.847254 -0.298050 -0.158045 -0.059879 -0.660861 -0.748116 0.837696 0.000000
-0.847298 -0.318053 -0.127832 -0.060517 -0.946633 -0.316581 0.837696 0.083333
-0.823806 -0.305263 -0.059949 -0.020940 -0.748530 0.662771 0.832461 0.250000
-0.846207 -0.320300 -0.091683 -0.044939 -0.978806 0.199800 0.837696 0.166667
-0.842015 -0.274035 -0.039319 0.014951 -0.317924 0.947998 0.837696 0.333333
-0.840037 -0.237920 -0.037135 0.043209 0.198082 0.979233 0.837696 0.416667
-0.838870 -0.205521 -0.053317 0.059883 0.660995 0.747997 0.837696 0.500000
-0.838826 -0.185518 -0.083531 0.060509 0.946730 0.316294 0.837696 0.583333
-0.839917 -0.183271 -0.119679 0.044924 0.978737 -0.200140 0.837696 0.666667
-0.841850 -0.199383 -0.152077 0.017305 0.748502 -0.662907 0.837696 0.750000
-0.844108 -0.229536 -0.172043 -0.014948 0.317765 -0.948052 0.837696 0.833333
-0.847254 -0.298050 -0.158045 -0.059879 -0.660861 -0.748116 0.837696 1.000000
-0.867554 -0.264515 -0.173487 -0.043740 -0.198412 -0.979142 0.842932 0.916667
-0.868794 -0.296910 -0.157302 -0.061446 -0.661117 -0.747763 0.842932 0.000000
-0.868882 -0.316911 -0.127088 -0.062698 -0.946647 -0.316116 0.842932 0.083333
-0.844273 -0.304188 -0.059286 -0.017315 -0.748700 0.662683 0.837696 0.250000
-0.867794 -0.319157 -0.090939 -0.047164 -0.978633 0.200132 0.842932 0.166667
-0.863493 -0.272898 -0.038579 0.014256 -0.318070 0.947960 0.842932 0.333333
-0.861433 -0.236787 -0.036397 0.043699 0.197689 0.979290 0.842932 0.416667
-0.860193 -0.204392 -0.052582 0.061432 0.660571 0.748246 0.842932 0.500000
-0.860105 -0.184392 -0.082796 0.062693 0.946481 0.316613 0.842932 0.583333
-0.861193 -0.182145 -0.118945 0.047141 0.978670 -0.199957 0.842932 0.666667
-0.863165 -0.198255 -0.151342 0.018950 0.748440 -0.662931 0.842932 0.750000
-0.865494 -0.228405 -0.171305 -0.014316 0.317548 -0.948134 0.842932 0.833333
-0.868794 -0.296910 -0.157302 -0.061446 -0.661117 -0.747763 0.842932 1.000000
-0.889541 -0.263259 -0.172772 -0.041077 -0.198935 -0.979151 0.848168 0.916667
-0.891042 -0.295639 -0.156578 -0.062503 -0.661397 -0.747427 0.848168 0.000000
-0.891372 -0.315625 -0.126356 -0.067195 -0.946517 -0.315579 0.848168 0.083333
-0.865822 -0.303047 -0.058543 -0.019002 -0.748582 0.662770 0.842932 0.250000
-0.890442 -0.317862 -0.090203 -0.053911 -0.978188 0.200606 0.848168 0.166667
-0.886068 -0.271607 -0.037845 0.008522 -0.317916 0.948080 0.848168 0.333333
-0.883797 -0.235510 -0.035669 0.040977 0.197481 0.979450 0.848168 0.416667
-0.882295 -0.203129 -0.051862 0.062458 0.660169 0.748516 0.848168 0.500000
-0.881965 -0.183143 -0.082085 0.067190 0.946087 0.316869 0.848168 0.583333
-0.882896 -0.180906 -0.118238 0.053888 0.978332 -0.199906 0.848168 0.666667
-0.884837 -0.197018 -0.150636 0.026125 0.748053 -0.663124 0.848168 0.750000
-0.887269 -0.227161 -0.170596 -0.008640 0.317037 -0.948374 0.848168 0.833333
-0.891042 -0.295639 -0.156578 -0.062503 -0.661397 -0.747427 0.848168 1.000000
-0.912090 -0.261790 -0.172174 -0.035409 -0.199599 -0.979238 0.853403 0.916667
-0.914023 -0.294142 -0.155970 -0.062988 -0.661643 -0.747169 0.853403 0.000000
-0.914775 -0.314100 -0.125736 -0.073699 -0.946198 -0.315085 0.853403 0.083333
-0.888500 -0.301751 -0.057805 -0.026204 -0.748133 0.663031 0.848168 0.250000
-0.914145 -0.316317 -0.089575 -0.064698 -0.977431 0.201106 0.853403 0.166667
-0.909739 -0.270065 -0.037218 -0.001827 -0.317367 0.948301 0.853403 0.333333
-0.907144 -0.233988 -0.035051 0.035248 0.197570 0.979655 0.853403 0.416667
-0.905211 -0.201636 -0.051255 0.062895 0.659862 0.748750 0.853403 0.500000
-0.904458 -0.181678 -0.081488 0.073680 0.945549 0.317031 0.853403 0.583333
-0.905088 -0.179461 -0.117650 0.064686 0.977667 -0.199957 0.853403 0.666667
-0.906931 -0.195579 -0.150050 0.038321 0.747284 -0.663399 0.853403 0.750000
-0.909494 -0.225713 -0.170007 0.001674 0.316222 -0.948684 0.853403 0.833333
-0.914023 -0.294142 -0.155970 -0.062988 -0.661643 -0.747169 0.853403 1.000000
-0.935262 -0.260026 -0.171780 -0.027276 -0.200414 -0.979332 0.858639 0.916667
-0.937752 -0.292335 -0.155566 -0.062827 -0.661848 -0.747001 0.858639 0.000000
-0.939066 -0.312251 -0.125324 -0.081537 -0.945676 -0.314719 0.858639 0.083333
-0.912302 -0.300199 -0.057175 -0.038399 -0.747295 0.663381 0.853403 0.250000
-0.938851 -0.314436 -0.089156 -0.078436 -0.976342 0.201504 0.858639 0.166667
-0.934458 -0.268182 -0.036798 -0.015774 -0.316373 0.948504 0.858639 0.333333
-0.931458 -0.232137 -0.034638 0.027059 0.198008 0.979827 0.858639 0.416667
-0.928968 -0.199828 -0.050851 0.062667 0.659686 0.748924 0.858639 0.500000
-0.927654 -0.179912 -0.081094 0.081489 0.944870 0.317143 0.858639 0.583333
-0.927869 -0.177727 -0.117262 0.078440 0.976650 -0.200007 0.858639 0.666667
-0.929556 -0.193857 -0.149664 0.054318 0.746098 -0.663617 0.858639 0.750000
-0.932262 -0.223980 -0.169619 0.015608 0.315079 -0.948937 0.858639 0.833333
-0.937752 -0.292335 -0.155566 -0.062827 -0.661848 -0.747001 0.858639 1.000000
-0.959113 -0.257903 -0.171663 -0.017270 -0.201411 -0.979355 0.863874 0.916667
-0.962241 -0.290155 -0.155447 -0.061947 -0.662045 -0.746899 0.863874 0.000000
-0.964210 -0.310012 -0.125201 -0.090005 -0.944973 -0.314523 0.863874 0.083333
-0.937164 -0.298306 -0.056753 -0.054372 -0.746033 0.663685 0.858639 0.250000
-0.964492 -0.312153 -0.089031 -0.093975 -0.974928 0.201702 0.863874 0.166667
-0.963011 -0.296005 -0.056628 -0.072834 -0.744344 0.663813 0.863874 0.250000
-0.956714 -0.229888 -0.034515 0.016998 0.198803 0.979892 0.863874 0.416667
-0.953585 -0.197636 -0.050731 0.061711 0.659653 0.749032 0.863874 0.500000
-0.951616 -0.177779 -0.080977 0.089910 0.944065 0.317265 0.863874 0.583333
-0.951335 -0.175638 -0.117147 0.093988 0.975289 -0.199945 0.863874 0.666667
-0.952816 -0.191786 -0.149550 0.072811 0.744490 -0.663652 0.863874 0.750000
-0.955663 -0.221897 -0.169505 0.032069 0.313586 -0.949018 0.863874 0.833333
-0.962241 -0.290155 -0.155447 -0.061947 -0.662045 -0.746899 0.863874 1.000000
-0.983686 -0.255375 -0.171886 -0.005903 -0.202609 -0.979242 0.869110 0.916667
-0.987493 -0.287557 -0.155677 -0.060290 -0.662271 -0.746835 0.869110 0.000000
-0.990172 -0.307341 -0.125438 -0.098484 -0.944131 -0.314511 0.869110 0.083333
-0.991005 -0.309425 -0.089273 -0.110310 -0.973228 0.201639 0.869110 0.166667
-0.960164 -0.265894 -0.036674 -0.032234 -0.314927 0.948568 0.863874 0.333333
-0.989770 -0.293252 -0.056872 -0.092658 -0.742259 0.663676 0.869110 0.250000
-0.982881 -0.227196 -0.034754 0.005587 0.199949 0.979790 0.869110 0.416667
-0.979074 -0.195014 -0.050964 0.059976 0.659777 0.749064 0.869110 0.500000
-0.976395 -0.175230 -0.081202 0.098335 0.943168 0.317435 0.869110 0.583333
-0.975561 -0.173146 -0.117367 0.110322 0.973627 -0.199700 0.869110 0.666667
-0.976797 -0.189319 -0.149768 0.092668 0.742491 -0.663416 0.869110 0.750000
-0.979771 -0.219417 -0.169724 0.050104 0.311752 -0.948842 0.869110 0.833333
-1.013503 -0.284517 -0.156310 -0.057807 -0.662560 -0.746775 0.874346 1.000000
-0.987493 -0.287557 -0.155677 -0.060290 -0.662271 -0.746835 0.869110 1.000000
-1.013503 -0.284517 -0.156310 -0.057807 -0.662560 -0.746775 0.874346 0.000000
-1.016914 -0.304215 -0.126089 -0.106450 -0.943212 -0.314672 0.874346 0.083333
-1.018330 -0.306231 -0.089938 -0.126580 -0.971317 0.201300 0.874346 0.166667
-0.986796 -0.263154 -0.036916 -0.050259 -0.313050 0.948406 0.869110 0.333333
-1.017372 -0.290025 -0.057544 -0.112878 -0.739852 0.663233 0.874346 0.250000
-1.014297 -0.259939 -0.037586 -0.069030 -0.310800 0.947965 0.874346 0.333333
-1.009928 -0.224035 -0.035412 -0.006722 0.201422 0.979482 0.874346 0.416667
-1.002026 -0.172234 -0.081826 0.106241 0.942233 0.317662 0.874346 0.583333
-1.000609 -0.170217 -0.117976 0.126581 0.971740 -0.199243 0.874346 0.666667
-1.001567 -0.186424 -0.150371 0.112916 0.740174 -0.662867 0.874346 0.750000
-1.004643 -0.216510 -0.170329 0.068894 0.309617 -0.948362 0.874346 0.833333
-1.009011 -0.252414 -0.172502 0.006377 -0.204007 -0.978949 0.874346 0.916667
-1.040261 -0.281028 -0.157387 -0.054454 -0.662949 -0.746682 0.879581 1.000000
-1.044397 -0.300632 -0.127195 -0.113453 -0.942296 -0.314971 0.879581 0.083333
-1.046407 -0.302571 -0.091068 -0.142051 -0.969297 0.200710 0.879581 0.166667
-1.045754 -0.286325 -0.058686 -0.132673 -0.737228 0.662490 0.879581 0.250000
-1.042611 -0.256248 -0.038726 -0.087860 -0.308260 0.947236 0.879581 0.333333
-1.005437 -0.191932 -0.051605 0.057425 0.660075 0.749001 0.874346 0.500000
-1.037821 -0.220398 -0.036535 -0.019557 0.203182 0.978946 0.879581 0.416667
-1.032668 -0.188382 -0.052701 0.054022 0.660567 0.748821 0.879581 0.500000
-1.026522 -0.166838 -0.119019 0.142034 0.969737 -0.198587 0.879581 0.666667
-1.027175 -0.183084 -0.151402 0.132733 0.737645 -0.662013 0.879581 0.750000
-1.030318 -0.213162 -0.171362 0.087750 0.307256 -0.947573 0.879581 0.833333
-1.035108 -0.249011 -0.173553 0.019202 -0.205585 -0.978451 0.879581 0.916667
-1.067749 -0.277104 -0.158937 -0.050188 -0.663469 -0.746519 0.884817 1.000000
-1.072579 -0.296609 -0.128785 -0.119116 -0.941471 -0.315348 0.884817 0.083333
-1.040261 -0.281028 -0.157387 -0.054454 -0.662949 -0.746682 0.879581 0.000000
-1.075178 -0.298464 -0.092691 -0.156111 -0.967294 0.199929 0.884817 0.166667
-1.074849 -0.282173 -0.060327 -0.151358 -0.734517 0.661495 0.884817 0.250000
-1.071681 -0.252099 -0.040365 -0.106171 -0.305535 0.946243 0.884817 0.333333
-1.066522 -0.216302 -0.038154 -0.032603 0.205175 0.978182 0.884817 0.416667
-1.028532 -0.168777 -0.082893 0.113190 0.941335 0.317925 0.879581 0.583333
-1.060755 -0.184373 -0.054285 0.049729 0.661265 0.748502 0.884817 0.500000
-1.055924 -0.164867 -0.084438 0.118808 0.940555 0.318182 0.884817 0.583333
-1.053654 -0.179304 -0.152895 0.151433 0.735035 -0.660902 0.884817 0.750000
-1.056823 -0.209378 -0.172857 0.106095 0.304764 -0.946500 0.884817 0.833333
-1.061981 -0.245175 -0.175069 0.032260 -0.207306 -0.977744 0.884817 0.916667
-1.095939 -0.272778 -0.160978 -0.044967 -0.664146 -0.746249 0.890052 1.000000
-1.101413 -0.292185 -0.130872 -0.123112 -0.940829 -0.315729 0.890052 0.083333
-1.067749 -0.277104 -0.158937 -0.050188 -0.663469 -0.746519 0.884817 0.000000
-1.104581 -0.293953 -0.094820 -0.168240 -0.965441 0.199044 0.890052 0.166667
-1.104595 -0.277608 -0.062481 -0.168358 -0.731863 0.660327 0.890052 0.250000
-1.101450 -0.247531 -0.042520 -0.123487 -0.302744 0.945038 0.890052 0.333333
-1.095989 -0.211780 -0.040287 -0.045608 0.207341 0.977205 0.890052 0.416667
-1.089675 -0.179935 -0.056379 0.044510 0.662185 0.748018 0.890052 0.500000
-1.053325 -0.163012 -0.120531 0.156071 0.967741 -0.197786 0.884817 0.666667
-1.084201 -0.160528 -0.086485 0.122773 0.939981 0.318376 0.890052 0.583333
-1.081019 -0.175104 -0.154877 0.168439 0.732489 -0.659612 0.890052 0.750000
-1.084164 -0.205181 -0.174837 0.123450 0.302255 -0.945199 0.890052 0.833333
-1.089625 -0.240932 -0.177070 0.045301 -0.209123 -0.976840 0.890052 0.916667
-1.124797 -0.268101 -0.163515 -0.038741 -0.665002 -0.745836 0.895288 1.000000
-1.130848 -0.287414 -0.133460 -0.125156 -0.940458 -0.316030 0.895288 0.083333
-1.095939 -0.272778 -0.160978 -0.044967 -0.664146 -0.746249 0.890052 0.000000
-1.134556 -0.289095 -0.097455 -0.177993 -0.963872 0.198166 0.895288 0.166667
-1.134925 -0.272694 -0.065147 -0.183188 -0.729411 0.659091 0.895288 0.250000
-1.131859 -0.242604 -0.045193 -0.139413 -0.300007 0.943695 0.895288 0.333333
-1.126177 -0.206888 -0.042941 -0.058371 0.209613 0.976041 0.895288 0.416667
-1.119403 -0.175117 -0.058992 0.038315 0.663335 0.747341 0.895288 0.500000
-1.081033 -0.158760 -0.122538 0.168171 0.965889 -0.196920 0.890052 0.666667
-1.113351 -0.155804 -0.089048 0.124804 0.939694 0.318431 0.895288 0.583333
-1.109274 -0.170524 -0.157361 0.183270 0.730153 -0.658247 0.895288 0.750000
-1.112340 -0.200614 -0.177314 0.139421 0.299844 -0.943745 0.895288 0.833333
-1.118022 -0.236330 -0.179567 0.058125 -0.210980 -0.975761 0.895288 0.916667
-1.154279 -0.263143 -0.166541 -0.031451 -0.666046 -0.745247 0.900524 1.000000
-1.160827 -0.282374 -0.136537 -0.124988 -0.940436 -0.316160 0.900524 0.083333
-1.124797 -0.268101 -0.163515 -0.038741 -0.665002 -0.745836 0.895288 0.000000
-1.165035 -0.283971 -0.100583 -0.184981 -0.962709 0.197417 0.900524 0.166667
-1.165773 -0.267508 -0.068313 -0.195435 -0.727300 0.657906 0.900524 0.250000
-1.162846 -0.237395 -0.048373 -0.153622 -0.297441 0.942300 0.900524 0.333333
-1.157036 -0.201700 -0.046108 -0.070739 0.211928 0.974722 0.900524 0.416667
-1.149902 -0.169990 -0.062123 0.031086 0.664721 0.746445 0.900524 0.500000
-1.109643 -0.154122 -0.125053 0.177896 0.964314 -0.196091 0.895288 0.666667
-1.143353 -0.150759 -0.092127 0.124642 0.939772 0.318266 0.900524 0.583333
-1.138407 -0.165625 -0.160351 0.195510 0.728165 -0.656925 0.900524 0.750000
-1.141335 -0.195738 -0.180290 0.153679 0.297645 -0.942226 0.900524 0.833333
-1.147144 -0.231433 -0.182556 0.070575 -0.212819 -0.974540 0.900524 0.916667
-1.184335 -0.257995 -0.170038 -0.023024 -0.667283 -0.744448 0.905759 1.000000
-1.191287 -0.277157 -0.140080 -0.122358 -0.940827 -0.316026 0.905759 0.083333
-1.154279 -0.263143 -0.166541 -0.031451 -0.666046 -0.745247 0.900524 0.000000
-1.195946 -0.278677 -0.104179 -0.188843 -0.962060 0.196926 0.905759 0.166667
-1.197066 -0.262148 -0.071953 -0.204726 -0.725649 0.656902 0.905759 0.250000
-1.194345 -0.232000 -0.052037 -0.165829 -0.295152 0.940950 0.905759 0.333333
-1.188512 -0.196310 -0.049769 -0.082591 0.214223 0.973287 0.905759 0.416667
-1.181131 -0.164641 -0.065755 0.022746 0.666342 0.745299 0.905759 0.500000
-1.139146 -0.149162 -0.128081 0.184854 0.963142 -0.195414 0.900524 0.666667
-1.174179 -0.145479 -0.095713 0.122035 0.940274 0.317793 0.905759 0.583333
-1.168400 -0.160487 -0.163840 0.204787 0.726651 -0.655775 0.905759 0.750000
-1.171121 -0.190636 -0.183756 0.165936 0.295765 -0.940738 0.905759 0.833333
-1.176954 -0.226326 -0.186024 0.082528 -0.214580 -0.973213 0.905759 0.916667
-1.214902 -0.252763 -0.173974 -0.013360 -0.668704 -0.743408 0.910995 1.000000
-1.222153 -0.271874 -0.144055 -0.117002 -0.941674 -0.315531 0.910995 0.083333
-1.184335 -0.257995 -0.170038 -0.023024 -0.667283 -0.744448 0.905759 0.000000
-1.227212 -0.273326 -0.108205 -0.189222 -0.962006 0.196825 0.910995 0.166667
-1.228723 -0.256731 -0.076029 -0.210705 -0.724558 0.656216 0.910995 0.250000
-1.226282 -0.226535 -0.056150 -0.175777 -0.293227 0.939745 0.910995 0.333333
-1.220543 -0.190829 -0.053893 -0.093837 0.216443 0.971775 0.910995 0.416667
-1.213043 -0.159180 -0.069864 0.013195 0.668191 0.743872 0.910995 0.500000
-1.169519 -0.143959 -0.131614 0.188689 0.962479 -0.195013 0.905759 0.666667
-1.205792 -0.140070 -0.099783 0.116720 0.941244 0.316917 0.910995 0.583333
-1.199222 -0.155212 -0.167809 0.210743 0.725709 -0.654930 0.910995 0.750000
-1.201663 -0.185408 -0.187689 0.175932 0.294296 -0.939382 0.910995 0.833333
-1.207402 -0.221114 -0.189945 0.093891 -0.216207 -0.971823 0.910995 0.916667
-1.245910 -0.247574 -0.178308 -0.002339 -0.670289 -0.742096 0.916230 1.000000
-1.253344 -0.266655 -0.148414 -0.108629 -0.942995 -0.314579 0.916230 0.083333
-1.214902 -0.252763 -0.173974 -0.013360 -0.668704 -0.743408 0.910995 0.000000
-1.258742 -0.268051 -0.112611 -0.185736 -0.962597 0.197252 0.916230 0.166667
-1.260658 -0.251388 -0.080492 -0.213007 -0.724095 0.655984 0.916230 0.250000
-1.258579 -0.221132 -0.060663 -0.183211 -0.291735 0.938789 0.916230 0.333333
-1.253062 -0.185389 -0.058437 -0.104403 0.218540 0.970227 0.916230 0.416667
-1.245585 -0.153737 -0.074412 0.002308 0.670249 0.742132 0.916230 0.500000
-1.200733 -0.138617 -0.135634 0.189040 0.962409 -0.195021 0.910995 0.666667
-1.238151 -0.134656 -0.104305 0.108405 0.942698 0.315544 0.916230 0.583333
-1.230837 -0.149923 -0.172228 0.213012 0.725412 -0.654525 0.916230 0.750000
-1.232916 -0.180179 -0.192056 0.183410 0.293309 -0.938259 0.916230 0.833333
-1.238433 -0.215922 -0.194282 0.104584 -0.217644 -0.970409 0.916230 0.916667
-1.277278 -0.242574 -0.182984 0.010200 -0.672000 -0.740481 0.921466 1.000000
-1.284766 -0.261645 -0.153098 -0.096905 -0.944772 -0.313074 0.921466 0.083333
-1.245910 -0.247574 -0.178308 -0.002339 -0.670289 -0.742096 0.916230 0.000000
-1.290438 -0.262998 -0.117336 -0.177970 -0.963839 0.198345 0.921466 0.166667
-1.292774 -0.246269 -0.085279 -0.211244 -0.724282 0.656347 0.921466 0.250000
-1.291148 -0.215941 -0.065517 -0.187884 -0.290709 0.938183 0.921466 0.333333
-1.285996 -0.180140 -0.063346 -0.114247 0.220474 0.968679 0.921466 0.416667
-1.278698 -0.148460 -0.079347 -0.010090 0.672484 0.740043 0.921466 0.500000
-1.232753 -0.133260 -0.140108 0.185530 0.962981 -0.195569 0.916230 0.666667
-1.271210 -0.129388 -0.109233 0.096748 0.944622 0.313576 0.921466 0.583333
-1.263203 -0.144764 -0.177052 0.211203 0.725789 -0.654693 0.921466 0.750000
-1.264828 -0.175092 -0.196813 0.188112 0.292849 -0.937472 0.921466 0.833333
-1.269980 -0.210893 -0.198985 0.114550 -0.218845 -0.969012 0.921466 0.916667
-1.308891 -0.237926 -0.187933 0.024768 -0.673858 -0.738445 0.926702 1.000000
-1.316305 -0.257009 -0.158036 -0.081320 -0.946980 -0.310831 0.926702 0.083333
-1.277278 -0.242574 -0.182984 0.010200 -0.672000 -0.740481 0.921466 0.000000
-1.322195 -0.258330 -0.122308 -0.165543 -0.965650 0.200290 0.926702 0.166667
-1.324983 -0.241535 -0.090321 -0.205276 -0.725012 0.657434 0.926702 0.250000
-1.323922 -0.211125 -0.070648 -0.189942 -0.290068 0.937967 0.926702 0.333333
-1.319295 -0.175248 -0.068559 -0.123772 0.222264 0.967098 0.926702 0.416667
-1.312343 -0.143516 -0.084614 -0.024551 0.674854 0.737543 0.926702 0.500000
-1.265538 -0.128035 -0.144995 0.177736 0.964201 -0.196789 0.921466 0.666667
-1.304929 -0.124434 -0.114511 0.081200 0.946949 0.310957 0.926702 0.583333
-1.296251 -0.139908 -0.182225 0.205181 0.726805 -0.655481 0.926702 0.750000
-1.297313 -0.170318 -0.201899 0.190183 0.292885 -0.937042 0.926702 0.833333
-1.301939 -0.206195 -0.203988 0.124168 -0.219846 -0.967600 0.926702 0.916667
-1.340569 -0.233821 -0.193094 0.042829 -0.675988 -0.735667 0.931937 1.000000
-1.347819 -0.252924 -0.163171 -0.060948 -0.949587 -0.307523 0.931937 0.083333
-1.308891 -0.237926 -0.187933 0.024768 -0.673858 -0.738445 0.926702 0.000000
-1.353928 -0.254217 -0.127478 -0.148317 -0.967816 0.203309 0.931937 0.166667
-1.357258 -0.237353 -0.095580 -0.195790 -0.725970 0.659267 0.931937 0.250000
-1.356918 -0.206850 -0.076025 -0.190724 -0.289532 0.937974 0.931937 0.333333
-1.352998 -0.170882 -0.074051 -0.134623 0.224054 0.965234 0.931937 0.416667
-1.346549 -0.139087 -0.090188 -0.042593 0.677350 0.734427 0.931937 0.500000
-1.333190 -0.118690 -0.155805 0.147944 0.968282 -0.201354 0.931937 0.666667
-1.299039 -0.123113 -0.150239 0.165267 0.966019 -0.198732 0.926702 0.666667
-1.329860 -0.135554 -0.187702 0.195617 0.728287 -0.656758 0.931937 0.750000
-1.330200 -0.166057 -0.207258 0.190954 0.293220 -0.936781 0.931937 0.833333
-1.334120 -0.202025 -0.209231 0.135057 -0.220844 -0.965913 0.931937 0.916667
-1.372100 -0.230453 -0.198478 0.066558 -0.678394 -0.731677 0.937173 1.000000
-1.372100 -0.230453 -0.198478 0.066558 -0.678394 -0.731677 0.937173 0.000000
-1.340569 -0.233821 -0.193094 0.042829 -0.675988 -0.735667 0.931937 0.000000
-1.379163 -0.249576 -0.168522 -0.034584 -0.952421 -0.302816 0.937173 0.083333
-1.385581 -0.250836 -0.132882 -0.126380 -0.970035 0.207509 0.937173 0.166667
-1.389633 -0.233896 -0.101109 -0.184152 -0.726809 0.661692 0.937173 0.250000
-1.390235 -0.203294 -0.081715 -0.192508 -0.288811 0.937832 0.937173 0.333333
-1.387224 -0.167231 -0.079897 -0.149375 0.225991 0.962609 0.937173 0.416667
-1.374344 -0.116245 -0.126099 0.034269 0.952302 0.303228 0.937173 0.583333
-1.339298 -0.119983 -0.120112 0.060780 0.949571 0.307606 0.931937 0.583333
-1.367927 -0.114985 -0.161739 0.125829 0.970698 -0.204725 0.937173 0.666667
-1.363874 -0.131925 -0.193512 0.183834 0.729909 -0.658360 0.937173 0.750000
-1.363273 -0.162527 -0.212906 0.192659 0.293570 -0.936322 0.937173 0.833333
-1.366283 -0.198590 -0.214723 0.149765 -0.222007 -0.963475 0.937173 0.916667
-1.403295 -0.228014 -0.204177 0.098115 -0.680813 -0.725857 0.942408 1.000000
-1.403295 -0.228014 -0.204177 0.098115 -0.680813 -0.725857 0.942408 0.000000
-1.410221 -0.247148 -0.174196 -0.001097 -0.955104 -0.296270 0.942408 0.083333
-1.417131 -0.248370 -0.138647 -0.099957 -0.971919 0.213029 0.942408 0.166667
-1.422175 -0.231354 -0.107057 -0.171879 -0.727242 0.664512 0.942408 0.250000
-1.424000 -0.200659 -0.087889 -0.197684 -0.287799 0.937066 0.942408 0.333333
-1.381408 -0.135368 -0.096143 -0.066398 0.679945 0.730251 0.937173 0.500000
-1.422119 -0.164509 -0.086280 -0.170648 0.227977 0.958596 0.942408 0.416667
-1.410108 -0.113457 -0.132642 0.000540 0.954762 0.297369 0.942408 0.583333
-1.403197 -0.112234 -0.168190 0.099109 0.972877 -0.209017 0.942408 0.666667
-1.398153 -0.129250 -0.199781 0.171283 0.731369 -0.660123 0.942408 0.750000
-1.396328 -0.159946 -0.218949 0.197631 0.293804 -0.935212 0.942408 0.833333
-1.398210 -0.196096 -0.220558 0.170889 -0.223258 -0.959663 0.942408 0.916667
-1.434007 -0.226684 -0.210369 0.139346 -0.682630 -0.717356 0.947644 1.000000
-1.434007 -0.226684 -0.210369 0.139346 -0.682630 -0.717356 0.947644 0.000000
-1.440915 -0.245819 -0.180384 0.040339 -0.957002 -0.287265 0.947644 0.083333
-1.448589 -0.247010 -0.144991 -0.069475 -0.973003 0.220088 0.947644 0.166667
-1.454972 -0.229938 -0.113674 -0.160537 -0.727105 0.667493 0.947644 0.250000
-1.458353 -0.199178 -0.094823 -0.208521 -0.286674 0.935060 0.947644 0.333333
-1.417033 -0.132591 -0.102660 -0.098122 0.682364 0.724398 0.942408 0.500000
-1.457828 -0.162971 -0.093491 -0.200794 0.229548 0.952360 0.947644 0.416667
-1.446628 -0.111886 -0.140019 -0.041232 0.956325 0.289382 0.947644 0.583333
-1.438955 -0.110695 -0.175412 0.068164 0.974341 -0.214508 0.947644 0.666667
-1.432572 -0.127767 -0.206729 0.159450 0.732461 -0.661874 0.947644 0.750000
-1.429191 -0.158527 -0.225579 0.208080 0.294046 -0.932866 0.947644 0.833333
-1.429716 -0.194733 -0.226911 0.200776 -0.224173 -0.953643 0.947644 0.916667
-1.464156 -0.226628 -0.217303 0.191505 -0.682849 -0.705013 0.952880 1.000000
-1.464156 -0.226628 -0.217303 0.191505 -0.682849 -0.705013 0.952880 0.000000
-1.471232 -0.245763 -0.187357 0.090014 -0.957229 -0.274973 0.952880 0.083333
-1.480009 -0.246954 -0.152222 -0.035693 -0.972782 0.228957 0.952880 0.166667
-1.488135 -0.229882 -0.121311 -0.151712 -0.726426 0.670290 0.952880 0.250000
-1.493433 -0.199121 -0.102908 -0.226985 -0.285983 0.930963 0.952880 0.333333
-1.453537 -0.131020 -0.110034 -0.139587 0.683981 0.716021 0.947644 0.500000
-1.494484 -0.162915 -0.101944 -0.241636 0.229811 0.942761 0.952880 0.416667
-1.483930 -0.111829 -0.148622 -0.091333 0.956116 0.278390 0.952880 0.583333
-1.475153 -0.110638 -0.183757 0.033684 0.974561 -0.221575 0.952880 0.666667
-1.467027 -0.127710 -0.214668 0.149832 0.733134 -0.663374 0.952880 0.750000
-1.461728 -0.158471 -0.233071 0.225929 0.294742 -0.928484 0.952880 0.833333
-1.460677 -0.194677 -0.234035 0.241278 -0.223903 -0.944273 0.952880 0.916667
-1.491056 -0.196088 -0.242256 0.293282 -0.221232 -0.930077 0.958115 0.916667
-1.493751 -0.228002 -0.225308 0.254786 -0.680119 -0.687403 0.958115 0.000000
-1.501232 -0.247156 -0.195474 0.147367 -0.954725 -0.258425 0.958115 0.083333
-1.511495 -0.248418 -0.160746 0.000195 -0.970805 0.239872 0.958115 0.166667
-1.521790 -0.231450 -0.130430 -0.146881 -0.725496 0.672371 0.958115 0.250000
-1.529358 -0.200798 -0.112649 -0.254414 -0.286656 0.923635 0.958115 0.333333
-1.529477 -0.132763 -0.129115 -0.255476 0.680444 0.686825 0.958115 0.500000
-1.491006 -0.130963 -0.118676 -0.191997 0.683780 0.703976 0.952880 0.500000
-1.521996 -0.113609 -0.158950 -0.149196 0.953101 0.263322 0.958115 0.583333
-1.511733 -0.112347 -0.193678 -0.003194 0.973036 -0.230631 0.958115 0.666667
-1.501438 -0.129315 -0.223994 0.143851 0.733539 -0.664250 0.958115 0.750000
-1.493870 -0.159966 -0.241774 0.252526 0.296678 -0.920985 0.958115 0.833333
-1.493751 -0.228002 -0.225308 0.254786 -0.680119 -0.687403 0.958115 1.000000
-1.520937 -0.199124 -0.251981 0.356315 -0.214723 -0.909359 0.963351 0.916667
-1.522929 -0.230966 -0.234802 0.327956 -0.672965 -0.662995 0.963351 0.000000
-1.531081 -0.250189 -0.205188 0.210697 -0.948461 -0.236704 0.963351 0.083333
-1.543208 -0.251642 -0.171074 0.036536 -0.966804 0.252895 0.963351 0.166667
-1.556061 -0.234937 -0.141601 -0.147172 -0.724882 0.672968 0.963351 0.250000
-1.532172 -0.164676 -0.112168 -0.293994 0.227457 0.928348 0.958115 0.416667
-1.566195 -0.204549 -0.124665 -0.291095 -0.289910 0.911710 0.963351 0.333333
-1.568904 -0.136779 -0.141984 -0.328708 0.672572 0.663021 0.963351 0.500000
-1.560752 -0.117556 -0.171598 -0.213113 0.946298 0.243111 0.963351 0.583333
-1.548625 -0.116103 -0.205712 -0.040835 0.969419 -0.241989 0.963351 0.666667
-1.535773 -0.132808 -0.235186 0.142653 0.734059 -0.663934 0.963351 0.750000
-1.525638 -0.163196 -0.252121 0.288244 0.300892 -0.909054 0.963351 0.833333
-1.522929 -0.230966 -0.234802 0.327956 -0.672965 -0.662995 0.963351 1.000000
-1.550551 -0.203969 -0.263732 0.428055 -0.203093 -0.880637 0.968586 0.916667
-1.551970 -0.235716 -0.246324 0.407945 -0.660230 -0.630617 0.968586 0.000000
-1.561049 -0.255091 -0.217081 0.277073 -0.937773 -0.209314 0.968586 0.083333
-1.575353 -0.256902 -0.183839 0.071356 -0.960846 0.267737 0.968586 0.166667
-1.591051 -0.240664 -0.155504 -0.153057 -0.725354 0.671145 0.968586 0.250000
-1.570896 -0.168621 -0.124805 -0.357280 0.220972 0.907481 0.963351 0.416667
-1.603935 -0.210727 -0.139670 -0.335912 -0.296951 0.893859 0.968586 0.333333
-1.609135 -0.143366 -0.157986 -0.408617 0.659088 0.631376 0.968586 0.500000
-1.600057 -0.123991 -0.187229 -0.280145 0.935096 0.217057 0.968586 0.583333
-1.585753 -0.122181 -0.220471 -0.077188 0.963682 -0.255653 0.968586 0.666667
-1.570055 -0.138419 -0.248806 0.146866 0.735252 -0.661691 0.968586 0.750000
-1.557170 -0.168356 -0.264640 0.332119 0.308442 -0.891381 0.968586 0.833333
-1.551970 -0.235716 -0.246324 0.407945 -0.660230 -0.630617 0.968586 1.000000
-1.580270 -0.210867 -0.278183 0.504368 -0.185704 -0.843284 0.973822 0.916667
-1.581280 -0.242519 -0.260575 0.490146 -0.641547 -0.590063 0.973822 0.000000
-1.591488 -0.262156 -0.231885 0.342680 -0.922708 -0.176581 0.973822 0.083333
-1.608160 -0.264515 -0.199800 0.102700 -0.953406 0.283673 0.973822 0.166667
-1.626828 -0.248965 -0.172917 -0.164158 -0.727659 0.666006 0.973822 0.250000
-1.650949 -0.184485 -0.160249 -0.505263 0.191114 0.841537 0.973822 0.416667
-1.610555 -0.175114 -0.140578 -0.429076 0.209048 0.878745 0.968586 0.416667
-1.649939 -0.152833 -0.177857 -0.490670 0.639724 0.591605 0.973822 0.500000
-1.639730 -0.133196 -0.206547 -0.346455 0.919590 0.185264 0.973822 0.583333
-1.623059 -0.130836 -0.238632 -0.110101 0.956224 -0.271135 0.973822 0.666667
-1.604391 -0.146387 -0.265515 0.156369 0.737736 -0.656730 0.973822 0.750000
-1.588729 -0.175680 -0.279991 0.381710 0.319978 -0.867128 0.973822 0.833333
-1.581280 -0.242519 -0.260575 0.490146 -0.641547 -0.590063 0.973822 1.000000
-1.610551 -0.220149 -0.296198 0.580249 -0.162948 -0.797972 0.979058 0.916667
-1.611325 -0.251730 -0.278449 0.569328 -0.617680 -0.542528 0.979058 0.000000
-1.622781 -0.271747 -0.250502 0.403605 -0.904183 -0.139847 0.979058 0.083333
-1.641850 -0.274838 -0.219847 0.129047 -0.945301 0.299588 0.979058 0.166667
-1.681718 -0.231685 -0.181789 -0.438499 -0.324814 0.837982 0.979058 0.333333
-1.642490 -0.219672 -0.158441 -0.386235 -0.308587 0.869251 0.973822 0.333333
-1.691834 -0.197003 -0.184585 -0.580914 0.167648 0.796513 0.979058 0.416667
-1.691060 -0.165423 -0.202334 -0.569759 0.615303 0.544773 0.979058 0.500000
-1.679603 -0.145405 -0.230280 -0.408084 0.900715 0.148929 0.979058 0.583333
-1.660534 -0.142314 -0.260936 -0.137782 0.947846 -0.287409 0.979058 0.666667
-1.638962 -0.156978 -0.286087 0.170219 0.741936 -0.648503 0.979058 0.750000
-1.620667 -0.185468 -0.298993 0.433572 0.335517 -0.836328 0.979058 0.833333
-1.611325 -0.251730 -0.278449 0.569328 -0.617680 -0.542528 0.979058 1.000000
-1.641850 -0.232234 -0.318832 0.650916 -0.136312 -0.746812 0.984293 0.916667
-1.642546 -0.263784 -0.301027 0.640966 -0.590397 -0.490504 0.984293 0.000000
-1.676608 -0.288250 -0.244980 0.149769 -0.937427 0.314326 0.984293 0.166667
-1.700848 -0.274609 -0.221757 -0.196444 -0.739258 0.644133 0.984293 0.250000
-1.663422 -0.260174 -0.194696 -0.179193 -0.732289 0.656996 0.979058 0.250000
-1.721491 -0.247020 -0.210547 -0.489065 -0.344735 0.801232 0.984293 0.333333
-1.733008 -0.212876 -0.214355 -0.651357 0.140170 0.745712 0.984293 0.416667
-1.732311 -0.181326 -0.232159 -0.641429 0.587606 0.493243 0.984293 0.500000
-1.719589 -0.160822 -0.259191 -0.461939 0.880046 0.110141 0.984293 0.583333
-1.698249 -0.156860 -0.288206 -0.159345 0.939511 -0.303195 0.984293 0.666667
-1.674010 -0.170501 -0.311429 0.186902 0.747991 -0.636849 0.984293 0.750000
-1.653366 -0.198089 -0.322639 0.484085 0.354352 -0.800060 0.984293 0.833333
-1.642546 -0.263784 -0.301027 0.640966 -0.590397 -0.490504 0.984293 1.000000
-1.674544 -0.247592 -0.347299 0.713041 -0.107835 -0.692780 0.989529 0.916667
-1.655268 -0.284288 -0.273995 0.456880 -0.883748 -0.101242 0.984293 0.083333
-1.675288 -0.279164 -0.329535 0.702244 -0.561934 -0.437131 0.989529 0.000000
-1.712577 -0.305134 -0.276289 0.164917 -0.930581 0.326834 0.989529 0.166667
-1.739131 -0.292573 -0.255074 -0.214221 -0.748137 0.628013 0.989529 0.250000
-1.761755 -0.265908 -0.245584 -0.535041 -0.366887 0.761003 0.989529 0.333333
-1.774388 -0.232284 -0.250361 -0.713316 0.110802 0.692028 0.989529 0.416667
-1.773644 -0.200712 -0.268124 -0.702847 0.558849 0.440106 0.989529 0.500000
-1.759723 -0.179649 -0.294116 -0.506344 0.859370 0.071408 0.989529 0.583333
-1.736355 -0.174742 -0.321370 -0.174748 0.932126 -0.317182 0.989529 0.666667
-1.709801 -0.187303 -0.342585 0.204720 0.755711 -0.622086 0.989529 0.750000
-1.687177 -0.213968 -0.352075 0.530313 0.375170 -0.760274 0.989529 0.833333
-1.675288 -0.279164 -0.329535 0.702244 -0.561934 -0.437131 0.989529 1.000000
-1.708907 -0.266705 -0.382914 0.765155 -0.079535 -0.638915 0.994764 0.916667
-1.724777 -0.320006 -0.340403 0.535772 -0.843907 -0.027749 0.994764 0.083333
-1.689209 -0.300227 -0.303543 0.500946 -0.863167 -0.063211 0.989529 0.083333
-1.749872 -0.325867 -0.314930 0.175241 -0.925223 0.336531 0.994764 0.166667
-1.778343 -0.314364 -0.295695 -0.231171 -0.758254 0.609598 0.994764 0.250000
-1.802563 -0.288580 -0.287850 -0.574825 -0.389662 0.719541 0.994764 0.333333
-1.816040 -0.255423 -0.293498 -0.765338 0.081629 0.638431 0.994764 0.416667
-1.815164 -0.223777 -0.311126 -0.753125 0.531054 0.388310 0.994764 0.500000
-1.800170 -0.202122 -0.336010 -0.541249 0.840135 0.034956 0.994764 0.583333
-1.775075 -0.196261 -0.361482 -0.184802 0.926252 -0.328491 0.994764 0.666667
-1.746604 -0.207764 -0.380718 0.222213 0.764606 -0.604979 0.994764 0.750000
-1.722384 -0.233548 -0.388562 0.570553 0.396545 -0.719181 0.994764 0.833333
-1.709782 -0.298351 -0.365286 0.752338 -0.534311 -0.385356 0.994764 1.000000
-1.745088 -0.290013 -0.427011 0.788151 -0.065687 -0.611966 1.000000 0.916667
-1.762053 -0.344016 -0.385829 0.550909 -0.834493 -0.010986 1.000000 0.083333
-1.709782 -0.298351 -0.365286 0.752338 -0.534311 -0.385356 0.994764 0.000000
-1.788580 -0.350793 -0.362093 0.179514 -0.922952 0.340491 1.000000 0.166667
-1.818605 -0.340286 -0.344743 -0.239082 -0.763588 0.599811 1.000000 0.250000
-1.844085 -0.315309 -0.338428 -0.592704 -0.401009 0.698494 1.000000 0.333333
-1.858191 -0.282555 -0.344840 -0.788277 0.067219 0.611638 1.000000 0.416667
-1.857145 -0.250800 -0.362261 -0.775021 0.517386 0.362843 1.000000 0.500000
-1.841226 -0.228553 -0.386022 -0.556147 0.830901 0.017413 1.000000 0.583333
-1.814700 -0.221775 -0.409758 -0.188415 0.923715 -0.333543 1.000000 0.666667
-1.784674 -0.232282 -0.427107 0.230910 0.769085 -0.595978 1.000000 0.750000
-1.759195 -0.257259 -0.433422 0.588920 0.406887 -0.698295 1.000000 0.833333
-1.746135 -0.321768 -0.409590 0.774168 -0.520606 -0.360047 1.000000 1.000000
-1.746135 -0.321768 -0.409590 0.774168 -0.520606 -0.360047 1.000000 0.000000
3 0 1 2
3 0 3 1
3 4 3 0
3 4 5 3
3 6 5 4
3 6 7 5
3 8 7 6
3 8 9 7
3 10 9 8
3 10 11 9
3 12 13 14
3 12 15 13
3 16 15 12
3 16 17 15
3 18 17 16
3 18 19 17
3 20 19 18
3 20 21 19
3 22 21 20
3 22 23 21
3 24 25 26
3 27 28 29
3 30 31 27
3 32 33 30
3 34 35 32
3 36 37 34
3 38 39 36
3 40 38 41
3 42 41 43
3 44 43 45
3 46 45 47
3 48 47 25
3 49 48 24
3 31 50 28
3 33 51 31
3 35 52 33
3 37 53 35
3 39 54 37
3 55 56 39
3 57 55 40
3 58 40 42
3 59 42 44
3 60 44 46
3 61 46 48
3 62 61 49
3 51 63 50
3 52 64 51
3 53 65 52
3 54 66 53
3 56 67 54
3 68 69 56
3 70 68 57
3 71 57 58
3 72 58 59
3 73 59 60
3 74 60 61
3 75 74 62
3 64 76 63
3 65 77 64
3 66 78 65
3 67 79 66
3 69 80 67
3 81 82 69
3 83 81 70
3 84 70 71
3 85 71 72
3 86 72 73
3 87 73 74
3 88 87 75
3 77 89 76
3 78 90 77
3 79 91 78
3 80 92 79
3 82 93 80
3 94 95 82
3 96 94 83
3 97 83 84
3 98 84 85
3 99 85 86
3 100 86 87
3 101 100 88
3 90 102 89
3 91 103 90
3 92 104 91
3 93 105 92
3 95 106 93
3 107 108 95
3 109 107 96
3 110 96 97
3 111 97 98
3 112 98 99
3 113 99 100
3 114 113 101
3 103 115 102
3 104 116 103
3 105 117 104
3 106 118 105
3 108 119 106
3 120 121 108
3 122 120 109
3 123 109 110
3 124 110 111
3 125 111 112
3 126 112 113
3 127 126 114
3 116 128 115
3 117 129 116
3 118 130 117
3 119 131 118
3 121 132 119
3 133 134 121
3 135 133 122
3 136 122 123
3 137 123 124
3 138 124 125
3 139 125 126
3 140 139 127
3 129 141 128
3 130 142 129
3 131 143 130
3 132 144 131
3 134 145 132
3 146 147 134
3 148 146 135
3 149 135 136
3 150 136 137
3 151 137 138
3 152 138 139
3 153 152 140
3 142 154 141
3 143 155 142
3 144 156 143
3 145 157 144
3 147 158 145
3 159 147 160
3 161 160 148
3 162 148 149
3 163 149 150
3 164 150 151
3 165 151 152
3 153 166 165
3 155 167 154
3 156 168 155
3 157 169 156
3 158 170 157
3 171 172 158
3 173 171 159
3 174 159 161
3 175 161 162
3 176 162 163
3 177 163 164
3 166 164 165
3 178 179 166
3 168 180 167
3 169 181 168
3 170 182 169
3 172 183 170
3 184 185 172
3 186 184 173
3 187 173 174
3 188 174 175
3 189 175 176
3 190 176 177
3 179 177 166
3 191 192 179
3 181 193 180
3 182 194 181
3 183 195 182
3 185 196 183
3 197 198 185
3 199 197 186
3 200 186 187
3 201 187 188
3 202 188 189
3 203 189 190
3 192 190 179
3 204 205 192
3 194 206 193
3 195 207 194
3 196 208 195
3 198 209 196
3 210 211 198
3 212 210 199
3 213 199 200
3 214 200 201
3 215 201 202
3 216 202 203
3 205 203 192
3 217 218 205
3 207 219 206
3 208 220 207
3 209 221 208
3 211 222 209
3 223 224 211
3 225 223 212
3 226 212 213
3 227 213 214
3 228 214 215
3 229 215 216
3 218 216 205
3 230 231 218
3 220 232 219
3 221 233 220
3 222 234 221
3 224 235 222
3 236 237 224
3 238 236 225
3 239 225 226
3 240 226 227
3 241 227 228
3 242 228 229
3 231 229 218
3 243 244 231
3 233 245 232
3 234 246 233
3 235 247 234
3 237 248 235
3 249 250 237
3 251 249 238
3 252 238 239
3 253 239 240
3 254 240 241
3 255 241 242
3 244 242 231
3 256 257 244
3 246 258 245
3 247 259 246
3 248 260 247
3 250 261 248
3 262 250 263
3 264 263 251
3 265 251 252
3 266 252 253
3 267 253 254
3 268 254 255
3 244 268 255
3 269 270 257
3 259 271 258
3 260 272 259
3 261 273 260
3 274 261 275
3 276 275 262
3 277 262 264
3 278 264 265
3 279 265 266
3 280 266 267
3 268 280 267
3 257 281 268
3 282 283 270
3 272 284 271
3 273 285 272
3 286 287 273
3 288 286 274
3 289 274 276
3 290 276 277
3 291 277 278
3 292 278 279
3 293 279 280
3 281 293 280
3 270 294 281
3 295 296 283
3 285 297 284
3 287 298 285
3 299 287 300
3 301 300 288
3 302 288 289
3 303 289 290
3 304 290 291
3 305 291 292
3 293 305 292
3 294 306 293
3 283 307 294
3 308 309 296
3 298 310 297
3 311 312 298
3 313 311 299
3 314 299 301
3 315 301 302
3 316 302 303
3 317 303 304
3 318 304 305
3 306 318 305
3 307 319 306
3 296 320 307
3 321 322 309
3 312 323 310
3 324 325 312
3 326 324 313
3 327 313 314
3 328 314 315
3 329 315 316
3 330 316 317
3 331 317 318
3 319 331 318
3 320 332 319
3 309 333 320
3 334 335 322
3 325 336 323
3 337 338 325
3 339 337 326
3 340 326 327
3 341 327 328
3 342 328 329
3 343 329 330
3 344 330 331
3 332 344 331
3 333 345 332
3 322 346 333
3 347 348 335
3 338 349 336
3 350 351 338
3 352 350 339
3 353 339 340
3 354 340 341
3 355 341 342
3 356 342 343
3 357 343 344
3 345 357 344
3 346 358 345
3 335 359 346
3 360 361 348
3 351 362 349
3 363 364 351
3 365 363 352
3 366 352 353
3 367 353 354
3 368 354 355
3 369 355 356
3 370 356 357
3 358 370 357
3 359 371 358
3 348 372 359
3 373 374 361
3 364 375 362
3 376 377 364
3 378 376 365
3 379 365 366
3 380 366 367
3 381 367 368
3 382 368 369
3 383 369 370
3 371 383 370
3 372 384 371
3 361 385 372
3 386 387 374
3 377 388 375
3 389 377 390
3 391 390 378
3 392 378 379
3 393 379 380
3 394 380 381
3 395 381 382
3 396 382 383
3 384 396 383
3 385 397 384
3 374 398 385
3 399 400 387
3 401 402 388
3 389 403 401
3 404 389 391
3 405 391 392
3 406 392 393
3 407 393 394
3 408 394 395
3 409 395 396
3 397 409 396
3 398 410 397
3 387 411 398
3 412 413 400
3 403 414 402
3 415 416 403
3 417 415 404
3 418 404 405
3 419 405 406
3 420 406 407
3 421 407 408
3 422 408 409
3 410 422 409
3 411 423 410
3 400 424 411
3 425 426 413
3 416 427 414
3 428 416 429
3 430 429 417
3 431 417 418
3 432 418 419
3 433 419 420
3 434 420 421
3 422 434 421
3 423 435 422
3 424 436 423
3 413 437 424
3 438 439 426
3 440 441 427
3 442 440 428
3 443 428 430
3 444 430 431
3 445 431 432
3 446 432 433
3 447 433 434
3 435 447 434
3 436 448 435
3 437 449 436
3 426 450 437
3 451 452 439
3 453 454 441
3 455 453 442
3 456 442 443
3 457 443 444
3 458 444 445
3 459 445 446
3 460 446 447
3 448 460 447
3 449 461 448
3 450 462 449
3 439 463 450
3 464 465 452
3 466 467 454
3 468 466 455
3 469 455 456
3 470 456 457
3 471 457 458
3 472 458 459
3 473 459 460
3 461 473 460
3 462 474 461
3 463 475 462
3 452 476 463
3 477 478 465
3 479 480 467
3 481 479 468
3 482 468 469
3 483 469 470
3 484 470 471
3 485 471 472
3 486 472 473
3 474 486 473
3 475 487 474
3 476 488 475
3 465 489 476
3 490 491 478
3 492 480 493
3 494 493 481
3 495 481 482
3 496 482 483
3 497 483 484
3 498 484 485
3 486 498 485
3 487 499 486
3 488 500 487
3 489 501 488
3 478 502 489
3 503 504 491
3 505 506 492
3 507 492 494
3 508 494 495
3 509 495 496
3 510 496 497
3 511 497 498
3 499 511 498
3 500 512 499
3 501 513 500
3 502 514 501
3 491 515 502
3 516 504 517
3 518 519 505
3 520 505 507
3 521 507 508
3 522 508 509
3 523 509 510
3 511 523 510
3 512 524 511
3 513 525 512
3 514 526 513
3 515 527 514
3 504 528 515
3 529 530 516
3 531 532 518
3 533 518 520
3 534 520 521
3 535 521 522
3 523 535 522
3 524 536 523
3 525 537 524
3 526 538 525
3 527 539 526
3 528 540 527
3 541 528 530
3 542 541 529
3 543 544 531
3 545 531 533
3 546 533 534
3 547 534 535
3 536 547 535
3 537 548 536
3 538 549 537
3 539 550 538
3 540 551 539
3 552 553 540
3 554 552 541
3 555 554 542
3 556 557 543
3 558 543 545
3 559 545 546
3 560 546 547
3 548 560 547
3 549 561 548
3 550 562 549
3 551 563 550
3 553 564 551
3 565 566 553
3 567 565 554
3 568 567 555
3 569 570 556
3 571 556 558
3 572 558 559
3 560 572 559
3 561 573 560
3 562 574 561
3 563 575 562
3 564 576 563
3 566 577 564
3 578 566 579
3 580 579 567
3 581 580 568
3 582 583 569
3 584 569 571
3 585 571 572
3 573 585 572
3 574 586 573
3 575 587 574
3 576 588 575
3 577 589 576
3 590 591 577
3 592 590 578
3 593 578 580
3 594 593 581
3 595 596 582
3 597 582 584
3 598 584 585
3 586 598 585
3 587 599 586
3 588 600 587
3 589 601 588
3 591 602 589
3 603 604 591
3 605 603 592
3 606 592 593
3 607 606 594
3 608 609 595
3 610 595 597
3 611 597 598
3 599 611 598
3 600 612 599
3 601 613 600
3 602 614 601
3 604 615 602
3 616 617 604
3 618 616 605
3 619 605 606
3 620 619 607
3 621 622 608
3 623 608 610
3 624 610 611
3 612 624 611
3 613 625 612
3 614 626 613
3 615 627 614
3 617 628 615
3 629 630 617
3 631 629 618
3 632 618 619
3 633 632 620
3 634 635 621
3 636 621 623
3 637 623 624
3 625 637 624
3 626 638 625
3 627 639 626
3 628 640 627
3 630 641 628
3 642 643 630
3 644 642 631
3 645 631 632
3 646 645 633
3 647 648 634
3 649 634 636
3 650 636 637
3 638 650 637
3 639 651 638
3 640 652 639
3 641 653 640
3 643 654 641
3 655 656 643
3 657 655 644
3 658 644 645
3 659 658 646
3 660 661 647
3 662 647 649
3 663 649 650
3 664 650 651
3 652 664 651
3 653 665 652
3 654 666 653
3 656 667 654
3 668 669 656
3 657 670 668
3 671 657 658
3 672 671 659
3 673 674 660
3 675 660 662
3 676 662 663
3 677 663 664
3 665 677 664
3 666 678 665
3 667 679 666
3 669 680 667
3 670 681 669
3 682 683 670
3 684 682 671
3 685 684 672
3 686 687 673
3 688 673 675
3 689 675 676
3 690 676 677
3 678 690 677
3 679 691 678
3 680 692 679
3 681 693 680
3 683 694 681
3 695 696 683
3 697 695 684
3 698 697 685
3 699 700 686
3 701 686 688
3 702 688 689
3 703 689 690
3 691 703 690
3 692 704 691
3 693 705 692
3 694 706 693
3 696 707 694
3 708 709 696
3 710 708 697
3 711 710 698
3 712 713 699
3 714 699 701
3 715 701 702
3 716 702 703
3 704 716 703
3 705 717 704
3 706 718 705
3 707 719 706
3 709 720 707
3 721 722 709
3 723 721 710
3 724 723 711
3 725 726 712
3 727 712 714
3 728 714 715
3 729 715 716
3 730 716 717
3 718 730 717
3 719 731 718
3 720 732 719
3 722 733 720
3 734 735 722
3 723 736 734
3 737 738 724
3 739 740 725
3 741 725 727
3 742 727 728
3 743 728 729
3 744 729 730
3 731 744 730
3 732 745 731
3 733 746 732
3 735 747 733
3 736 748 735
3 738 749 736
3 750 751 737
3 752 753 739
3 754 739 741
3 755 741 742
3 756 742 743
3 757 743 744
3 745 757 744
3 746 758 745
3 747 759 746
3 748 760 747
3 749 761 748
3 751 762 749
3 763 764 750
3 765 766 752
3 767 752 754
3 768 754 755
3 769 755 756
3 770 756 757
3 758 770 757
3 759 771 758
3 760 772 759
3 761 773 760
3 762 774 761
3 764 775 762
3 776 777 763
3 778 779 765
3 780 765 767
3 781 767 768
3 782 768 769
3 783 769 770
3 771 783 770
3 772 784 771
3 773 785 772
3 774 786 773
3 775 787 774
3 777 788 775
3 776 789 790
3 791 792 778
3 793 778 780
3 794 780 781
3 795 781 782
3 796 782 783
3 797 783 784
3 785 797 784
3 786 798 785
3 787 799 786
3 788 800 787
3 790 801 788
3 802 803 789
3 804 805 791
3 806 791 793
3 807 793 794
3 808 794 795
3 809 795 796
3 810 796 797
3 798 810 797
3 799 811 798
3 800 812 799
3 801 813 800
3 789 814 801
3 815 816 803
3 817 818 804
3 819 804 806
3 820 806 807
3 821 807 808
3 822 808 809
3 823 809 810
3 811 823 810
3 812 824 811
3 813 825 812
3 814 826 813
3 803 827 814
3 828 829 816
3 830 831 817
3 832 817 819
3 833 819 820
3 834 820 821
3 835 821 822
3 836 822 823
3 824 836 823
3 825 837 824
3 826 838 825
3 827 839 826
3 816 840 827
3 841 842 829
3 843 844 830
3 845 830 832
3 846 832 833
3 847 833 834
3 848 834 835
3 849 835 836
3 837 849 836
3 838 850 837
3 839 851 838
3 840 852 839
3 829 853 840
3 854 855 842
3 856 857 843
3 858 843 845
3 859 845 846
3 860 846 847
3 861 847 848
3 862 848 849
3 850 862 849
3 851 863 850
3 852 864 851
3 853 865 852
3 842 866 853
3 867 868 855
3 856 869 870
3 871 856 858
3 872 858 859
3 873 859 860
3 874 860 861
3 875 861 862
3 876 862 863
3 864 876 863
3 865 877 864
3 866 878 865
3 855 879 866
3 880 881 868
3 882 883 869
3 871 884 882
3 885 871 872
3 886 872 873
3 887 873 874
3 888 874 875
3 889 875 876
3 890 876 877
3 878 890 877
3 879 891 878
3 868 892 879
3 893 894 881
3 884 895 883
3 896 897 884
3 885 898 896
3 899 885 886
3 900 886 887
3 901 887 888
3 902 888 889
3 903 889 890
3 904 890 891
3 892 904 891
3 881 905 892
3 906 907 894
3 897 908 895
3 898 909 897
3 910 911 898
3 899 912 910
3 913 899 900
3 914 900 901
3 915 901 902
3 916 902 903
3 917 903 904
3 918 904 905
3 894 918 905
3 919 920 907
3 909 921 908
3 911 922 909
3 912 923 911
3 924 925 912
3 926 924 913
3 927 913 914
3 928 914 915
3 929 915 916
3 930 916 917
3 931 917 918
3 907 931 918
3 932 933 920
3 922 934 921
3 923 935 922
3 925 936 923
3 937 938 925
3 926 939 937
3 940 926 927
3 941 927 928
3 942 928 929
3 943 929 930
3 944 930 931
3 933 931 920
3 945 946 933
3 935 947 934
3 936 948 935
3 938 949 936
3 939 950 938
3 951 952 939
3 953 951 940
3 954 940 941
3 955 941 942
3 956 942 943
3 957 943 944
3 946 944 933
3 958 959 946
3 948 960 947
3 949 961 948
3 950 962 949
3 952 963 950
3 964 965 952
3 966 964 953
3 967 953 954
3 968 954 955
3 969 955 956
3 970 956 957
3 959 957 946
3 971 972 959
3 961 973 960
3 962 974 961
3 963 975 962
3 965 976 963
3 977 978 965
3 979 977 966
3 980 966 967
3 981 967 968
3 982 968 969
3 983 969 970
3 972 970 959
3 984 985 972
3 974 986 973
3 975 987 974
3 976 988 975
3 978 989 976
3 990 991 978
3 992 990 979
3 993 979 980
3 994 980 981
3 995 981 982
3 996 982 983
3 985 983 972
3 997 998 985
3 987 999 986
3 988 1000 987
3 989 1001 988
3 991 1002 989
3 1003 1004 991
3 1005 1003 992
3 1006 992 993
3 1007 993 994
3 1008 994 995
3 1009 995 996
3 998 996 985
3 1010 1011 998
3 1000 1012 999
3 1001 1013 1000
3 1002 1014 1001
3 1004 1015 1002
3 1016 1004 1017
3 1018 1017 1005
3 1019 1005 1006
3 1020 1006 1007
3 1021 1007 1008
3 1022 1008 1009
3 998 1022 1009
3 1023 1024 1011
3 1013 1025 1012
3 1014 1026 1013
3 1015 1027 1014
3 1028 1029 1015
3 1030 1028 1016
3 1031 1016 1018
3 1032 1018 1019
3 1033 1019 1020
3 1034 1020 1021
3 1035 1021 1022
3 1011 1035 1022
3 1036 1037 1024
3 1026 1038 1025
3 1027 1039 1026
3 1029 1040 1027
3 1041 1029 1042
3 1043 1042 1030
3 1044 1030 1031
3 1045 1031 1032
3 1046 1032 1033
3 1047 1033 1034
3 1035 1047 1034
3 1024 1048 1035
3 1049 1050 1037
3 1039 1051 1038
3 1040 1052 1039
3 1053 1040 1054
3 1055 1054 1041
3 1056 1041 1043
3 1057 1043 1044
3 1058 1044 1045
3 1059 1045 1046
3 1047 1059 1046
3 1048 1060 1047
3 1037 1061 1048
3 1062 1063 1050
3 1052 1064 1051
3 1065 1052 1066
3 1067 1066 1053
3 1068 1053 1055
3 1069 1055 1056
3 1070 1056 1057
3 1071 1057 1058
3 1059 1071 1058
3 1060 1072 1059
3 1061 1073 1060
3 1050 1074 1061
3 1075 1076 1063
3 1077 1078 1064
3 1079 1077 1065
3 1080 1065 1067
3 1081 1067 1068
3 1082 1068 1069
3 1083 1069 1070
3 1084 1070 1071
3 1072 1084 1071
3 1073 1085 1072
3 1074 1086 1073
3 1063 1087 1074
3 1088 1089 1076
3 1090 1091 1078
3 1092 1090 1079
3 1093 1079 1080
3 1094 1080 1081
3 1095 1081 1082
3 1096 1082 1083
3 1097 1083 1084
3 1085 1097 1084
3 1086 1098 1085
3 1087 1099 1086
3 1076 1100 1087
3 1101 1102 1089
3 1103 1091 1104
3 1105 1104 1092
3 1106 1092 1093
3 1107 1093 1094
3 1108 1094 1095
3 1109 1095 1096
3 1097 1109 1096
3 1098 1110 1097
3 1099 1111 1098
3 1100 1112 1099
3 1089 1113 1100
3 1114 1115 1102
3 1116 1117 1103
3 1118 1103 1105
3 1119 1105 1106
3 1120 1106 1107
3 1121 1107 1108
3 1122 1108 1109
3 1110 1122 1109
3 1111 1123 1110
3 1112 1124 1111
3 1113 1125 1112
3 1102 1126 1113
3 1127 1128 1115
3 1129 1130 1116
3 1131 1116 1118
3 1132 1118 1119
3 1133 1119 1120
3 1134 1120 1121
3 1135 1121 1122
3 1123 1135 1122
3 1124 1136 1123
3 1125 1137 1124
3 1126 1138 1125
3 1115 1139 1126
3 1140 1141 1128
3 1142 1143 1129
3 1144 1129 1131
3 1145 1131 1132
3 1146 1132 1133
3 1147 1133 1134
3 1148 1134 1135
3 1136 1148 1135
3 1137 1149 1136
3 1138 1150 1137
3 1139 1151 1138
3 1128 1152 1139
3 1153 1154 1141
3 1155 1156 1142
3 1157 1142 1144
3 1158 1144 1145
3 1159 1145 1146
3 1160 1146 1147
3 1161 1147 1148
3 1149 1161 1148
3 1150 1162 1149
3 1151 1163 1150
3 1152 1164 1151
3 1141 1165 1152
3 1166 1167 1154
3 1168 1169 1155
3 1170 1155 1157
3 1171 1157 1158
3 1172 1158 1159
3 1173 1159 1160
3 1174 1160 1161
3 1162 1174 1161
3 1163 1175 1162
3 1164 1176 1163
3 1165 1177 1164
3 1154 1178 1165
3 1179 1180 1167
3 1181 1182 1168
3 1183 1168 1170
3 1184 1170 1171
3 1185 1171 1172
3 1186 1172 1173
3 1187 1173 1174
3 1175 1187 1174
3 1176 1188 1175
3 1177 1189 1176
3 1178 1190 1177
3 1167 1191 1178
3 1192 1193 1180
3 1194 1195 1181
3 1196 1181 1183
3 1197 1183 1184
3 1198 1184 1185
3 1199 1185 1186
3 1200 1186 1187
3 1188 1200 1187
3 1189 1201 1188
3 1190 1202 1189
3 1191 1203 1190
3 1180 1204 1191
3 1205 1206 1193
3 1207 1208 1194
3 1209 1194 1196
3 1210 1196 1197
3 1211 1197 1198
3 1212 1198 1199
3 1213 1199 1200
3 1201 1213 1200
3 1202 1214 1201
3 1203 1215 1202
3 1204 1216 1203
3 1193 1217 1204
3 1218 1219 1206
3 1220 1221 1207
3 1222 1207 1209
3 1223 1209 1210
3 1224 1210 1211
3 1225 1211 1212
3 1226 1212 1213
3 1214 1226 1213
3 1215 1227 1214
3 1216 1228 1215
3 1217 1229 1216
3 1206 1230 1217
3 1231 1232 1219
3 1233 1234 1220
3 1235 1220 1222
3 1236 1222 1223
3 1237 1223 1224
3 1238 1224 1225
3 1239 1225 1226
3 1227 1239 1226
3 1228 1240 1227
3 1229 1241 1228
3 1230 1242 1229
3 1219 1243 1230
3 1244 1245 1232
3 1246 1247 1233
3 1248 1233 1235
3 1249 1235 1236
3 1250 1236 1237
3 1251 1237 1238
3 1252 1238 1239
3 1240 1252 1239
3 1241 1253 1240
3 1242 1254 1241
3 1243 1255 1242
3 1232 1256 1243
3 1257 1258 1245
3 1246 1259 1260
3 1261 1246 1248
3 1262 1248 1249
3 1263 1249 1250
3 1264 1250 1251
3 1265 1251 1252
3 1266 1252 1253
3 1254 1266 1253
3 1255 1267 1254
3 1256 1268 1255
3 1245 1269 1256
3 1270 1271 1258
3 1272 1273 1259
3 1274 1272 1261
3 1275 1261 1262
3 1276 1262 1263
3 1277 1263 1264
3 1278 1264 1265
3 1279 1265 1266
3 1267 1279 1266
3 1268 1280 1267
3 1269 1281 1268
3 1258 1282 1269
3 1283 1284 1271
3 1285 1286 1273
3 1287 1285 1274
3 1288 1274 1275
3 1289 1275 1276
3 1290 1276 1277
3 1291 1277 1278
3 1292 1278 1279
3 1280 1292 1279
3 1281 1293 1280
3 1282 1294 1281
3 1271 1295 1282
3 1296 1297 1284
3 1298 1299 1286
3 1300 1298 1287
3 1301 1287 1288
3 1302 1288 1289
3 1303 1289 1290
3 1304 1290 1291
3 1305 1291 1292
3 1293 1305 1292
3 1294 1306 1293
3 1295 1307 1294
3 1284 1308 1295
3 1309 1310 1297
3 1311 1312 1299
3 1313 1311 1300
3 1314 1300 1301
3 1315 1301 1302
3 1316 1302 1303
3 1317 1303 1304
3 1318 1304 1305
3 1306 1318 1305
3 1307 1319 1306
3 1308 1320 1307
3 1297 1321 1308
3 1322 1323 1310
3 1324 1325 1312
3 1326 1324 1313
3 1327 1313 1314
3 1328 1314 1315
3 1329 1315 1316
3 1330 1316 1317
3 1331 1317 1318
3 1319 1331 1318
3 1320 1332 1319
3 1321 1333 1320
3 1310 1334 1321
3 1335 1336 1323
3 1337 1338 1325
3 1339 1337 1326
3 1340 1326 1327
3 1341 1327 1328
3 1342 1328 1329
3 1343 1329 1330
3 1344 1330 1331
3 1332 1344 1331
3 1333 1345 1332
3 1334 1346 1333
3 1323 1347 1334
3 1348 1349 1336
3 1350 1351 1338
3 1352 1350 1339
3 1353 1339 1340
3 1354 1340 1341
3 1355 1341 1342
3 1356 1342 1343
3 1357 1343 1344
3 1345 1357 1344
3 1346 1358 1345
3 1347 1359 1346
3 1336 1360 1347
3 1361 1362 1349
3 1363 1364 1351
3 1365 1363 1352
3 1366 1352 1353
3 1367 1353 1354
3 1368 1354 1355
3 1369 1355 1356
3 1370 1356 1357
3 1358 1370 1357
3 1359 1371 1358
3 1360 1372 1359
3 1349 1373 1360
3 1374 1375 1362
3 1376 1377 1364
3 1378 1376 1365
3 1379 1365 1366
3 1380 1366 1367
3 1381 1367 1368
3 1382 1368 1369
3 1383 1369 1370
3 1371 1383 1370
3 1372 1384 1371
3 1373 1385 1372
3 1362 1386 1373
3 1387 1388 1375
3 1389 1390 1377
3 1391 1389 1378
3 1392 1378 1379
3 1393 1379 1380
3 1394 1380 1381
3 1395 1381 1382
3 1396 1382 1383
3 1384 1396 1383
3 1385 1397 1384
3 1386 1398 1385
3 1375 1399 1386
3 1400 1401 1388
3 1402 1403 1390
3 1404 1402 1391
3 1405 1391 1392
3 1406 1392 1393
3 1407 1393 1394
3 1408 1394 1395
3 1409 1395 1396
3 1397 1409 1396
3 1398 1410 1397
3 1399 1411 1398
3 1388 1412 1399
3 1413 1414 1401
3 1415 1403 1416
3 1417 1416 1404
3 1418 1404 1405
3 1419 1405 1406
3 1420 1406 1407
3 1421 1407 1408
3 1409 1421 1408
3 1410 1422 1409
3 1411 1423 1410
3 1412 1424 1411
3 1401 1425 1412
3 1426 1427 1414
3 1428 1429 1415
3 1430 1415 1417
3 1431 1417 1418
3 1432 1418 1419
3 1433 1419 1420
3 1434 1420 1421
3 1422 1434 1421
3 1423 1435 1422
3 1424 1436 1423
3 1425 1437 1424
3 1414 1438 1425
3 1439 1440 1427
3 1441 1442 1428
3 1443 1428 1430
3 1444 1430 1431
3 1445 1431 1432
3 1446 1432 1433
3 1434 1446 1433
3 1435 1447 1434
3 1436 1448 1435
3 1437 1449 1436
3 1438 1450 1437
3 1427 1451 1438
3 1452 1453 1440
3 1454 1455 1441
3 1456 1441 1443
3 1457 1443 1444
3 1458 1444 1445
3 1459 1445 1446
3 1447 1459 1446
3 1448 1460 1447
3 1449 1461 1448
3 1450 1462 1449
3 1451 1463 1450
3 1440 1464 1451
3 1465 1453 1466
3 1467 1468 1454
3 1469 1454 1456
3 1470 1456 1457
3 1458 1470 1457
3 1459 1471 1458
3 1460 1472 1459
3 1461 1473 1460
3 1462 1474 1461
3 1463 1475 1462
3 1476 1463 1464
3 1477 1464 1453
3 1478 1477 1465
3 1479 1480 1467
3 1469 1479 1467
3 1470 1481 1469
3 1471 1482 1470
3 1472 1483 1471
3 1473 1484 1472
3 1474 1485 1473
3 1475 1486 1474
3 1487 1475 1488
3 1489 1488 1476
3 1490 1476 1477
3 1491 1490 1478
3 1492 1493 1479
3 1481 1492 1479
3 1482 1494 1481
3 1483 1495 1482
3 1484 1496 1483
3 1485 1497 1484
3 1486 1498 1485
3 1499 1486 1500
3 1501 1500 1487
3 1502 1487 1489
3 1503 1489 1490
3 1504 1503 1491
3 1505 1506 1492
3 1494 1505 1492
3 1495 1507 1494
3 1496 1508 1495
3 1497 1509 1496
3 1498 1510 1497
3 1511 1512 1498
3 1513 1511 1499
3 1514 1499 1501
3 1515 1501 1502
3 1516 1502 1503
3 1517 1516 1504
3 1518 1519 1505
3 1507 1518 1505
3 1508 1520 1507
3 1509 1521 1508
3 1510 1522 1509
3 1512 1523 1510
3 1524 1525 1512
3 1526 1524 1513
3 1527 1513 1514
3 1528 1514 1515
3 1529 1515 1516
3 1530 1529 1517
3 1531 1532 1518
3 1520 1531 1518
3 1521 1533 1520
3 1522 1534 1521
3 1523 1535 1522
3 1525 1536 1523
3 1537 1538 1525
3 1539 1537 1526
3 1540 1526 1527
3 1541 1527 1528
3 1542 1528 1529
3 1543 1542 1530
3 1544 1545 1531
3 1533 1544 1531
3 1534 1546 1533
3 1535 1547 1534
3 1536 1548 1535
3 1538 1549 1536
3 1550 1551 1538
3 1552 1550 1539
3 1553 1539 1540
3 1554 1540 1541
3 1555 1541 1542
3 1556 1555 1543
3 1557 1558 1544
3 1546 1557 1544
3 1547 1559 1546
3 1548 1560 1547
3 1549 1561 1548
3 1551 1562 1549
3 1563 1564 1551
3 1565 1563 1552
3 1566 1552 1553
3 1567 1553 1554
3 1568 1554 1555
3 1569 1568 1556
3 1570 1571 1557
3 1559 1570 1557
3 1560 1572 1559
3 1561 1573 1560
3 1562 1574 1561
3 1564 1575 1562
3 1576 1577 1564
3 1578 1576 1565
3 1579 1565 1566
3 1580 1566 1567
3 1581 1567 1568
3 1582 1581 1569
3 1583 1584 1570
3 1572 1583 1570
3 1573 1585 1572
3 1574 1586 1573
3 1575 1587 1574
3 1577 1588 1575
3 1589 1590 1577
3 1591 1589 1578
3 1592 1578 1579
3 1593 1579 1580
3 1594 1580 1581
3 1595 1594 1582
3 1583 1596 1597
3 1585 1598 1583
3 1586 1599 1585
3 1587 1600 1586
3 1588 1601 1587
3 1590 1602 1588
3 1603 1590 1604
3 1605 1604 1591
3 1606 1591 1592
3 1607 1592 1593
3 1608 1593 1594
3 1609 1608 1595
3 1598 1610 1596
3 1599 1611 1598
3 1600 1612 1599
3 1601 1613 1600
3 1602 1614 1601
3 1615 1616 1602
3 1617 1615 1603
3 1618 1603 1605
3 1619 1605 1606
3 1620 1606 1607
3 1621 1607 1608
3 1622 1621 1609
3 1611 1623 1610
3 1612 1624 1611
3 1613 1625 1612
3 1614 1626 1613
3 1616 1627 1614
3 1628 1629 1616
3 1630 1628 1617
3 1631 1617 1618
3 1632 1618 1619
3 1633 1619 1620
3 1634 1620 1621
3 1635 1634 1622
3 1624 1636 1623
3 1625 1637 1624
3 1626 1638 1625
3 1627 1639 1626
3 1629 1640 1627
3 1641 1642 1629
3 1643 1641 1630
3 1644 1630 1631
3 1645 1631 1632
3 1646 1632 1633
3 1647 1633 1634
3 1635 1648 1647
3 1637 1649 1636
3 1638 1650 1637
3 1639 1651 1638
3 1640 1652 1639
3 1642 1653 1640
3 1654 1642 1655
3 1656 1655 1643
3 1657 1643 1644
3 1658 1644 1645
3 1659 1645 1646
3 1648 1646 1647
3 1660 1661 1648
3 1650 1662 1649
3 1651 1663 1650
3 1652 1664 1651
3 1653 1665 1652
3 1666 1667 1653
3 1668 1666 1654
3 1669 1654 1656
3 1670 1656 1657
3 1671 1657 1658
3 1672 1658 1659
3 1661 1659 1648
3 1673 1674 1661
3 1663 1675 1662
3 1664 1676 1663
3 1665 1677 1664
3 1667 1678 1665
3 1679 1680 1667
3 1681 1679 1668
3 1682 1668 1669
3 1683 1669 1670
3 1684 1670 1671
3 1685 1671 1672
3 1674 1672 1661
3 1686 1687 1674
3 1676 1688 1675
3 1677 1689 1676
3 1678 1690 1677
3 1680 1691 1678
3 1692 1693 1680
3 1694 1692 1681
3 1695 1681 1682
3 1696 1682 1683
3 1697 1683 1684
3 1698 1684 1685
3 1687 1685 1674
3 1699 1700 1687
3 1689 1701 1688
3 1690 1702 1689
3 1691 1703 1690
3 1693 1704 1691
3 1705 1693 1706
3 1707 1706 1694
3 1708 1694 1695
3 1709 1695 1696
3 1710 1696 1697
3 1711 1697 1698
3 1687 1711 1698
3 1712 1713 1700
3 1702 1714 1701
3 1703 1715 1702
3 1704 1716 1703
3 1717 1718 1704
3 1719 1717 1705
3 1720 1705 1707
3 1721 1707 1708
3 1722 1708 1709
3 1723 1709 1710
3 1724 1710 1711
3 1700 1724 1711
3 1725 1726 1713
3 1715 1727 1714
3 1716 1728 1715
3 1718 1729 1716
3 1730 1731 1718
3 1732 1730 1719
3 1733 1719 1720
3 1734 1720 1721
3 1735 1721 1722
3 1736 1722 1723
3 1737 1723 1724
3 1713 1737 1724
3 1738 1739 1726
3 1728 1740 1727
3 1729 1741 1728
3 1731 1742 1729
3 1743 1744 1731
3 1745 1743 1732
3 1746 1732 1733
3 1747 1733 1734
3 1748 1734 1735
3 1749 1735 1736
3 1750 1736 1737
3 1726 1750 1737
3 1751 1752 1739
3 1741 1753 1740
3 1742 1754 1741
3 1744 1755 1742
3 1756 1757 1744
3 1758 1756 1745
3 1759 1745 1746
3 1760 1746 1747
3 1761 1747 1748
3 1762 1748 1749
3 1763 1749 1750
3 1739 1763 1750
3 1764 1765 1752
3 1754 1766 1753
3 1755 1767 1754
3 1757 1768 1755
3 1769 1770 1757
3 1771 1769 1758
3 1772 1758 1759
3 1773 1759 1760
3 1774 1760 1761
3 1775 1761 1762
3 1776 1762 1763
3 1752 1776 1763
3 1777 1778 1765
3 1767 1779 1766
3 1768 1780 1767
3 1770 1781 1768
3 1782 1783 1770
3 1784 1782 1771
3 1785 1771 1772
3 1786 1772 1773
3 1787 1773 1774
3 1788 1774 1775
3 1789 1775 1776
3 1765 1789 1776
3 1790 1791 1778
3 1780 1792 1779
3 1781 1793 1780
3 1783 1794 1781
3 1795 1796 1783
3 1797 1795 1784
3 1798 1784 1785
3 1799 1785 1786
3 1800 1786 1787
3 1801 1787 1788
3 1802 1788 1789
3 1778 1802 1789
3 1803 1804 1791
3 1793 1805 1792
3 1794 1806 1793
3 1796 1807 1794
3 1808 1809 1796
3 1810 1808 1797
3 1811 1797 1798
3 1812 1798 1799
3 1813 1799 1800
3 1814 1800 1801
3 1815 1801 1802
3 1791 1815 1802
3 1816 1817 1804
3 1806 1818 1805
3 1807 1819 1806
3 1809 1820 1807
3 1821 1822 1809
3 1823 1821 1810
3 1824 1810 1811
3 1825 1811 1812
3 1826 1812 1813
3 1827 1813 1814
3 1828 1814 1815
3 1804 1828 1815
3 1829 1830 1817
3 1819 1831 1818
3 1820 1832 1819
3 1822 1833 1820
3 1834 1835 1822
3 1836 1834 1823
3 1837 1823 1824
3 1838 1824 1825
3 1839 1825 1826
3 1840 1826 1827
3 1841 1827 1828
3 1817 1841 1828
3 1842 1843 1830
3 1832 1844 1831
3 1833 1845 1832
3 1835 1846 1833
3 1847 1848 1835
3 1849 1847 1836
3 1850 1836 1837
3 1851 1837 1838
3 1852 1838 1839
3 1853 1839 1840
3 1854 1840 1841
3 1830 1854 1841
3 1855 1856 1843
3 1845 1857 1844
3 1846 1858 1845
3 1848 1859 1846
3 1860 1861 1848
3 1862 1860 1849
3 1863 1849 1850
3 1864 1850 1851
3 1865 1851 1852
3 1866 1852 1853
3 1867 1853 1854
3 1843 1867 1854
3 1868 1856 1869
3 1858 1870 1857
3 1859 1871 1858
3 1861 1872 1859
3 1873 1874 1861
3 1862 1875 1873
3 1863 1876 1862
3 1877 1863 1864
3 1878 1864 1865
3 1879 1865 1866
3 1880 1866 1867
3 1881 1867 1856
3 1882 1881 1868
3 1883 1870 1871
3 1884 1871 1872
3 1874 1884 1872
3 1875 1885 1874
3 1876 1886 1875
3 1887 1888 1876
3 1877 1889 1887
3 1878 1890 1877
3 1891 1878 1879
3 1892 1879 1880
3 1893 1880 1881
3 1894 1893 1882
3 1895 1896 1883
3 1897 1883 1884
3 1898 1884 1885
3 1886 1898 1885
3 1888 1899 1886
3 1889 1900 1888
3 1890 1901 1889
3 1902 1903 1890
3 1891 1904 1902
3 1905 1891 1892
3 1906 1892 1893
3 1907 1906 1894
3 1908 1909 1895
3 1910 1895 1897
3 1911 1897 1898
3 1899 1911 1898
3 1900 1912 1899
3 1901 1913 1900
3 1903 1914 1901
3 1904 1915 1903
3 1916 1917 1904
3 1918 1916 1905
3 1919 1905 1906
3 1920 1919 1907
3 1921 1922 1908
3 1923 1908 1910
3 1924 1910 1911
3 1912 1924 1911
3 1913 1925 1912
3 1914 1926 1913
3 1915 1927 1914
3 1917 1928 1915
3 1929 1930 1917
3 1931 1929 1918
3 1932 1918 1919
3 1933 1932 1920
3 1934 1935 1921
3 1936 1921 1923
3 1937 1923 1924
3 1925 1937 1924
3 1926 1938 1925
3 1927 1939 1926
3 1928 1940 1927
3 1930 1941 1928
3 1942 1943 1930
3 1944 1942 1931
3 1945 1931 1932
3 1946 1945 1933
3 1947 1948 1934
3 1949 1934 1936
3 1950 1936 1937
3 1938 1950 1937
3 1939 1951 1938
3 1940 1952 1939
3 1941 1953 1940
3 1943 1954 1941
3 1955 1956 1943
3 1957 1955 1944
3 1958 1944 1945
3 1959 1958 1946
3 1960 1961 1947
3 1962 1947 1949
3 1963 1949 1950
3 1951 1963 1950
3 1952 1964 1951
3 1953 1965 1952
3 1954 1966 1953
3 1956 1967 1954
3 1968 1969 1956
3 1970 1968 1957
3 1971 1957 1958
3 1972 1971 1959
3 1973 1974 1960
3 1975 1960 1962
3 1976 1962 1963
3 1964 1976 1963
3 1965 1977 1964
3 1966 1978 1965
3 1967 1979 1966
3 1969 1980 1967
3 1981 1982 1969
3 1983 1981 1970
3 1984 1970 1971
3 1985 1984 1972
3 1986 1987 1973
3 1988 1973 1975
3 1989 1975 1976
3 1977 1989 1976
3 1978 1990 1977
3 1979 1991 1978
3 1980 1992 1979
3 1982 1993 1980
3 1994 1995 1982
3 1996 1994 1983
3 1997 1983 1984
3 1998 1997 1985
3 1999 2000 1986
3 2001 1986 1988
3 2002 1988 1989
3 1990 2002 1989
3 1991 2003 1990
3 1992 2004 1991
3 1993 2005 1992
3 1995 2006 1993
3 2007 2008 1995
3 2009 2007 1996
3 2010 1996 1997
3 2011 2010 1998
3 2012 2013 1999
3 2014 1999 2001
3 2015 2001 2002
3 2003 2015 2002
3 2004 2016 2003
3 2005 2017 2004
3 2006 2018 2005
3 2008 2019 2006
3 2020 2021 2008
3 2022 2020 2009
3 2023 2009 2010
3 2024 2023 2011
3 2025 2026 2012
3 2027 2012 2014
3 2028 2014 2015
3 2029 2015 2016
3 2017 2029 2016
3 2018 2030 2017
3 2019 2031 2018
3 2021 2032 2019
3 2033 2034 2021
3 2022 2035 2033
3 2036 2022 2023
3 2024 2037 2036
3 2025 2038 2039
3 2027 2040 2025
3 2028 2041 2027
3 2042 2028 2029
3 2043 2029 2030
3 2044 2030 2031
3 2045 2031 2032
3 2046 2032 2034
3 2047 2034 2035
3 2048 2047 2035
3 2036 2049 2048
3 2050 2051 2037
3 2040 2052 2038
3 2041 2053 2040
3 2054 2055 2041
3 2056 2054 2042
3 2057 2042 2043
3 2058 2043 2044
3 2059 2044 2045
3 2060 2045 2046
3 2061 2046 2047
3 2049 2061 2047
3 2037 2062 2049
3 2063 2064 2051
3 2053 2065 2052
3 2055 2066 2053
3 2067 2068 2055
3 2069 2067 2056
3 2070 2056 2057
3 2071 2057 2058
3 2072 2058 2059
3 2073 2059 2060
3 2074 2060 2061
3 2062 2074 2061
3 2051 2075 2062
3 2076 2077 2064
3 2066 2078 2065
3 2068 2079 2066
3 2080 2081 2068
3 2082 2080 2069
3 2083 2069 2070
3 2084 2070 2071
3 2085 2071 2072
3 2086 2072 2073
3 2087 2073 2074
3 2075 2087 2074
3 2064 2088 2075
3 2089 2090 2077
3 2079 2091 2078
3 2081 2092 2079
3 2093 2094 2081
3 2095 2093 2082
3 2096 2082 2083
3 2097 2083 2084
3 2098 2084 2085
3 2099 2085 2086
3 2100 2086 2087
3 2088 2100 2087
3 2077 2101 2088
3 2102 2103 2090
3 2092 2104 2091
3 2094 2105 2092
3 2106 2107 2094
3 2108 2106 2095
3 2109 2095 2096
3 2110 2096 2097
3 2111 2097 2098
3 2112 2098 2099
3 2113 2099 2100
3 2101 2113 2100
3 2090 2114 2101
3 2115 2116 2103
3 2105 2117 2104
3 2107 2118 2105
3 2119 2120 2107
3 2121 2119 2108
3 2122 2108 2109
3 2123 2109 2110
3 2124 2110 2111
3 2125 2111 2112
3 2126 2112 2113
3 2114 2126 2113
3 2103 2127 2114
3 2128 2129 2116
3 2118 2130 2117
3 2120 2131 2118
3 2132 2133 2120
3 2134 2132 2121
3 2135 2121 2122
3 2136 2122 2123
3 2137 2123 2124
3 2138 2124 2125
3 2139 2125 2126
3 2127 2139 2126
3 2116 2140 2127
3 2141 2142 2129
3 2131 2143 2130
3 2133 2144 2131
3 2145 2146 2133
3 2147 2145 2134
3 2148 2134 2135
3 2149 2135 2136
3 2150 2136 2137
3 2151 2137 2138
3 2152 2138 2139
3 2140 2152 2139
3 2129 2153 2140
3 2154 2155 2142
3 2144 2156 2143
3 2146 2157 2144
3 2158 2159 2146
3 2160 2158 2147
3 2161 2147 2148
3 2162 2148 2149
3 2163 2149 2150
3 2164 2150 2151
3 2165 2151 2152
3 2153 2165 2152
3 2142 2166 2153
3 2167 2168 2155
3 2157 2169 2156
3 2159 2170 2157
3 2171 2172 2159
3 2160 2173 2171
3 2174 2160 2161
3 2175 2161 2162
3 2176 2162 2163
3 2177 2163 2164
3 2178 2164 2165
3 2179 2165 2166
3 2155 2179 2166
3 2180 2181 2168
3 2170 2182 2169
3 2172 2183 2170
3 2173 2184 2172
3 2185 2186 2173
3 2187 2185 2174
3 2188 2174 2175
3 2189 2175 2176
3 2190 2176 2177
3 2191 2177 2178
3 2192 2178 2179
3 2168 2192 2179
3 2193 2181 2194
3 2183 2195 2182
3 2184 2196 2183
3 2186 2197 2184
3 2198 2199 2186
3 2187 2200 2198
3 2188 2201 2187
3 2202 2188 2189
3 2203 2189 2190
3 2204 2190 2191
3 2205 2191 2192
3 2206 2192 2181
3 2207 2206 2193
3 2208 2195 2196
3 2197 2208 2196
3 2199 2209 2197
3 2200 2210 2199
3 2201 2211 2200
3 2212 2213 2201
3 2202 2214 2212
3 2215 2202 2203
3 2216 2203 2204
3 2217 2204 2205
3 2218 2205 2206
3 2219 2218 2207
3 2220 2221 2208
3 2222 2208 2209
3 2210 2222 2209
3 2211 2223 2210
3 2213 2224 2211
3 2214 2225 2213
3 2226 2227 2214
3 2215 2228 2226
3 2229 2215 2216
3 2230 2216 2217
3 2231 2217 2218
3 2232 2231 2219
3 2233 2234 2220
3 2235 2220 2222
3 2223 2235 2222
3 2224 2236 2223
3 2225 2237 2224
3 2227 2238 2225
3 2228 2239 2227
3 2240 2241 2228
3 2242 2240 2229
3 2243 2229 2230
3 2244 2230 2231
3 2245 2244 2232
3 2246 2247 2233
3 2248 2233 2235
3 2236 2248 2235
3 2237 2249 2236
3 2238 2250 2237
3 2239 2251 2238
3 2241 2252 2239
3 2253 2254 2241
3 2255 2253 2242
3 2256 2242 2243
3 2257 2243 2244
3 2258 2257 2245
3 2259 2260 2246
3 2261 2246 2248
3 2249 2261 2248
3 2250 2262 2249
3 2251 2263 2250
3 2252 2264 2251
3 2254 2265 2252
3 2266 2267 2254
3 2268 2266 2255
3 2269 2255 2256
3 2270 2256 2257
3 2271 2270 2258
3 2272 2273 2259
3 2274 2259 2261
3 2262 2274 2261
3 2263 2275 2262
3 2264 2276 2263
3 2265 2277 2264
3 2267 2278 2265
3 2279 2280 2267
3 2281 2279 2268
3 2282 2268 2269
3 2283 2269 2270
3 2284 2283 2271
3 2285 2286 2272
3 2287 2272 2274
3 2275 2287 2274
3 2276 2288 2275
3 2277 2289 2276
3 2278 2290 2277
3 2280 2291 2278
3 2292 2293 2280
3 2294 2292 2281
3 2295 2281 2282
3 2296 2282 2283
3 2297 2296 2284
3 2298 2299 2285
3 2300 2285 2287
3 2288 2300 2287
3 2289 2301 2288
3 2290 2302 2289
3 2291 2303 2290
3 2293 2304 2291
3 2305 2306 2293
3 2307 2305 2294
3 2308 2294 2295
3 2309 2295 2296
3 2310 2309 2297
3 2311 2312 2298
3 2313 2298 2300
3 2301 2313 2300
3 2302 2314 2301
3 2303 2315 2302
3 2304 2316 2303
3 2306 2317 2304
3 2318 2319 2306
3 2320 2318 2307
3 2321 2307 2308
3 2322 2308 2309
3 2323 2322 2310
3 2324 2325 2311
3 2326 2311 2313
3 2314 2326 2313
3 2315 2327 2314
3 2316 2328 2315
3 2317 2329 2316
3 2319 2330 2317
3 2331 2332 2319
3 2333 2331 2320
3 2334 2320 2321
3 2335 2321 2322
3 2336 2335 2323
3 2337 2338 2324
3 2326 2337 2324
3 2327 2339 2326
3 2328 2340 2327
3 2329 2341 2328
3 2330 2342 2329
3 2332 2343 2330
3 2344 2332 2345
3 2346 2345 2333
3 2347 2333 2334
3 2348 2334 2335
3 2349 2348 2336
3 2337 2350 2351
3 2339 2352 2337
3 2340 2353 2339
3 2341 2354 2340
3 2342 2355 2341
3 2343 2356 2342
3 2357 2343 2358
3 2359 2358 2344
3 2360 2344 2346
3 2361 2346 2347
3 2362 2347 2348
3 2363 2362 2349
3 2352 2364 2350
3 2353 2365 2352
3 2354 2366 2353
3 2355 2367 2354
3 2356 2368 2355
3 2369 2370 2356
3 2371 2369 2357
3 2372 2357 2359
3 2373 2359 2360
3 2374 2360 2361
3 2375 2361 2362
3 2376 2375 2363
3 2365 2377 2364
3 2366 2378 2365
3 2367 2379 2366
3 2368 2380 2367
3 2370 2381 2368
3 2382 2383 2370
3 2384 2382 2371
3 2385 2371 2372
3 2386 2372 2373
3 2387 2373 2374
3 2388 2374 2375
3 2389 2388 2376
3 2378 2390 2377
3 2379 2391 2378
3 2380 2392 2379
3 2381 2393 2380
3 2383 2394 2381
3 2395 2396 2383
3 2397 2395 2384
3 2398 2384 2385
3 2399 2385 2386
3 2400 2386 2387
3 2401 2387 2388
3 2389 2402 2401
3 2391 2403 2390
3 2392 2404 2391
3 2393 2405 2392
3 2394 2406 2393
3 2396 2407 2394
3 2408 2396 2409
3 2410 2409 2397
3 2411 2397 2398
3 2412 2398 2399
3 2413 2399 2400
3 2402 2400 2401
3 2414 2415 2402
3 2404 2416 2403
3 2405 2417 2404
3 2406 2418 2405
3 2407 2419 2406
3 2420 2421 2407
3 2422 2420 2408
3 2423 2408 2410
3 2424 2410 2411
3 2425 2411 2412
3 2426 2412 2413
3 2415 2413 2402
3 2427 2428 2415
3 2417 2429 2416
3 2418 2430 2417
3 2419 2431 2418
3 2421 2432 2419
3 2433 2434 2421
3 2435 2433 2422
3 2436 2422 2423
3 2437 2423 2424
3 2438 2424 2425
3 2439 2425 2426
3 2428 2426 2415
3 2440 2441 2428
3 2430 2442 2429
3 2431 2443 2430
3 2432 2444 2431
3 2434 2445 2432
3 2446 2434 2447
3 2448 2447 2435
3 2449 2435 2436
3 2450 2436 2437
3 2451 2437 2438
3 2452 2438 2439
3 2428 2452 2439
3 2453 2454 2441
3 2443 2455 2442
3 2444 2456 2443
3 2445 2457 2444
3 2458 2445 2459
3 2460 2459 2446
3 2461 2446 2448
3 2462 2448 2449
3 2463 2449 2450
3 2464 2450 2451
3 2452 2464 2451
3 2441 2465 2452
3 2466 2467 2454
3 2456 2468 2455
3 2469 2456 2457
3 2470 2457 2471
3 2472 2471 2458
3 2473 2458 2460
3 2474 2460 2461
3 2475 2461 2462
3 2463 2475 2462
3 2464 2476 2463
3 2465 2477 2464
3 2454 2478 2465
3 2479 2480 2467
3 2481 2482 2468
3 2483 2481 2469
3 2484 2469 2470
3 2485 2470 2472
3 2486 2472 2473
3 2487 2473 2474
3 2488 2474 2475
3 2476 2488 2475
3 2477 2489 2476
3 2478 2490 2477
3 2467 2491 2478
3 2492 2493 2480
3 2494 2482 2495
3 2496 2495 2483
3 2497 2483 2484
3 2498 2484 2485
3 2499 2485 2486
3 2500 2486 2487
3 2488 2500 2487
3 2489 2501 2488
3 2490 2502 2489
3 2491 2503 2490
3 2480 2504 2491
3 2505 2506 2493
3 2507 2508 2494
3 2509 2494 2496
3 2510 2496 2497
3 2511 2497 2498
3 2512 2498 2499
3 2513 2499 2500
3 2501 2513 2500
3 2502 2514 2501
3 2503 2515 2502
3 2504 2516 2503
3 2493 2517 2504
3 24 48 25
3 27 31 28
3 30 33 31
3 32 35 33
3 34 37 35
3 36 39 37
3 38 55 39
3 40 55 38
3 42 40 41
3 44 42 43
3 46 44 45
3 48 46 47
3 49 61 48
3 31 51 50
3 33 52 51
3 35 53 52
3 37 54 53
3 39 56 54
3 55 68 56
3 57 68 55
3 58 57 40
3 59 58 42
3 60 59 44
3 61 60 46
3 62 74 61
3 51 64 63
3 52 65 64
3 53 66 65
3 54 67 66
3 56 69 67
3 68 81 69
3 70 81 68
3 71 70 57
3 72 71 58
3 73 72 59
3 74 73 60
3 75 87 74
3 64 77 76
3 65 78 77
3 66 79 78
3 67 80 79
3 69 82 80
3 81 94 82
3 83 94 81
3 84 83 70
3 85 84 71
3 86 85 72
3 87 86 73
3 88 100 87
3 77 90 89
3 78 91 90
3 79 92 91
3 80 93 92
3 82 95 93
3 94 107 95
3 96 107 94
3 97 96 83
3 98 97 84
3 99 98 85
3 100 99 86
3 101 113 100
3 90 103 102
3 91 104 103
3 92 105 104
3 93 106 105
3 95 108 106
3 107 120 108
3 109 120 107
3 110 109 96
3 111 110 97
3 112 111 98
3 113 112 99
3 114 126 113
3 103 116 115
3 104 117 116
3 105 118 117
3 106 119 118
3 108 121 119
3 120 133 121
3 122 133 120
3 123 122 109
3 124 123 110
3 125 124 111
3 126 125 112
3 127 139 126
3 116 129 128
3 117 130 129
3 118 131 130
3 119 132 131
3 121 134 132
3 133 146 134
3 135 146 133
3 136 135 122
3 137 136 123
3 138 137 124
3 139 138 125
3 140 152 139
3 129 142 141
3 130 143 142
3 131 144 143
3 132 145 144
3 134 147 145
3 146 160 147
3 148 160 146
3 149 148 135
3 150 149 136
3 151 150 137
3 152 151 138
3 153 165 152
3 142 155 154
3 143 156 155
3 144 157 156
3 145 158 157
3 147 171 158
3 159 171 147
3 161 159 160
3 162 161 148
3 163 162 149
3 164 163 150
3 165 164 151
3 153 178 166
3 155 168 167
3 156 169 168
3 157 170 169
3 158 172 170
3 171 184 172
3 173 184 171
3 174 173 159
3 175 174 161
3 176 175 162
3 177 176 163
3 166 177 164
3 178 191 179
3 168 181 180
3 169 182 181
3 170 183 182
3 172 185 183
3 184 197 185
3 186 197 184
3 187 186 173
3 188 187 174
3 189 188 175
3 190 189 176
3 179 190 177
3 191 204 192
3 181 194 193
3 182 195 194
3 183 196 195
3 185 198 196
3 197 210 198
3 199 210 197
3 200 199 186
3 201 200 187
3 202 201 188
3 203 202 189
3 192 203 190
3 204 217 205
3 194 207 206
3 195 208 207
3 196 209 208
3 198 211 209
3 210 223 211
3 212 223 210
3 213 212 199
3 214 213 200
3 215 214 201
3 216 215 202
3 205 216 203
3 217 230 218
3 207 220 219
3 208 221 220
3 209 222 221
3 211 224 222
3 223 236 224
3 225 236 223
3 226 225 212
3 227 226 213
3 228 227 214
3 229 228 215
3 218 229 216
3 230 243 231
3 220 233 232
3 221 234 233
3 222 235 234
3 224 237 235
3 236 249 237
3 238 249 236
3 239 238 225
3 240 239 226
3 241 240 227
3 242 241 228
3 231 242 229
3 243 256 244
3 233 246 245
3 234 247 246
3 235 248 247
3 237 250 248
3 249 263 250
3 251 263 249
3 252 251 238
3 253 252 239
3 254 253 240
3 255 254 241
3 244 255 242
3 256 269 257
3 246 259 258
3 247 260 259
3 248 261 260
3 250 275 261
3 262 275 250
3 264 262 263
3 265 264 251
3 266 265 252
3 267 266 253
3 268 267 254
3 244 257 268
3 269 282 270
3 259 272 271
3 260 273 272
3 261 286 273
3 274 286 261
3 276 274 275
3 277 276 262
3 278 277 264
3 279 278 265
3 280 279 266
3 268 281 280
3 257 270 281
3 282 295 283
3 272 285 284
3 273 287 285
3 286 300 287
3 288 300 286
3 289 288 274
3 290 289 276
3 291 290 277
3 292 291 278
3 293 292 279
3 281 294 293
3 270 283 294
3 295 308 296
3 285 298 297
3 287 311 298
3 299 311 287
3 301 299 300
3 302 301 288
3 303 302 289
3 304 303 290
3 305 304 291
3 293 306 305
3 294 307 306
3 283 296 307
3 308 321 309
3 298 312 310
3 311 324 312
3 313 324 311
3 314 313 299
3 315 314 301
3 316 315 302
3 317 316 303
3 318 317 304
3 306 319 318
3 307 320 319
3 296 309 320
3 321 334 322
3 312 325 323
3 324 337 325
3 326 337 324
3 327 326 313
3 328 327 314
3 329 328 315
3 330 329 316
3 331 330 317
3 319 332 331
3 320 333 332
3 309 322 333
3 334 347 335
3 325 338 336
3 337 350 338
3 339 350 337
3 340 339 326
3 341 340 327
3 342 341 328
3 343 342 329
3 344 343 330
3 332 345 344
3 333 346 345
3 322 335 346
3 347 360 348
3 338 351 349
3 350 363 351
3 352 363 350
3 353 352 339
3 354 353 340
3 355 354 341
3 356 355 342
3 357 356 343
3 345 358 357
3 346 359 358
3 335 348 359
3 360 373 361
3 351 364 362
3 363 376 364
3 365 376 363
3 366 365 352
3 367 366 353
3 368 367 354
3 369 368 355
3 370 369 356
3 358 371 370
3 359 372 371
3 348 361 372
3 373 386 374
3 364 377 375
3 376 390 377
3 378 390 376
3 379 378 365
3 380 379 366
3 381 380 367
3 382 381 368
3 383 382 369
3 371 384 383
3 372 385 384
3 361 374 385
3 386 399 387
3 377 401 388
3 389 401 377
3 391 389 390
3 392 391 378
3 393 392 379
3 394 393 380
3 395 394 381
3 396 395 382
3 384 397 396
3 385 398 397
3 374 387 398
3 399 412 400
3 401 403 402
3 389 415 403
3 404 415 389
3 405 404 391
3 406 405 392
3 407 406 393
3 408 407 394
3 409 408 395
3 397 410 409
3 398 411 410
3 387 400 411
3 412 425 413
3 403 416 414
3 415 429 416
3 417 429 415
3 418 417 404
3 419 418 405
3 420 419 406
3 421 420 407
3 422 421 408
3 410 423 422
3 411 424 423
3 400 413 424
3 425 438 426
3 416 440 427
3 428 440 416
3 430 428 429
3 431 430 417
3 432 431 418
3 433 432 419
3 434 433 420
3 422 435 434
3 423 436 435
3 424 437 436
3 413 426 437
3 438 451 439
3 440 453 441
3 442 453 440
3 443 442 428
3 444 443 430
3 445 444 431
3 446 445 432
3 447 446 433
3 435 448 447
3 436 449 448
3 437 450 449
3 426 439 450
3 451 464 452
3 453 466 454
3 455 466 453
3 456 455 442
3 457 456 443
3 458 457 444
3 459 458 445
3 460 459 446
3 448 461 460
3 449 462 461
3 450 463 462
3 439 452 463
3 464 477 465
3 466 479 467
3 468 479 466
3 469 468 455
3 470 469 456
3 471 470 457
3 472 471 458
3 473 472 459
3 461 474 473
3 462 475 474
3 463 476 475
3 452 465 476
3 477 490 478
3 479 493 480
3 481 493 479
3 482 481 468
3 483 482 469
3 484 483 470
3 485 484 471
3 486 485 472
3 474 487 486
3 475 488 487
3 476 489 488
3 465 478 489
3 490 503 491
3 492 506 480
3 494 492 493
3 495 494 481
3 496 495 482
3 497 496 483
3 498 497 484
3 486 499 498
3 487 500 499
3 488 501 500
3 489 502 501
3 478 491 502
3 503 517 504
3 505 519 506
3 507 505 492
3 508 507 494
3 509 508 495
3 510 509 496
3 511 510 497
3 499 512 511
3 500 513 512
3 501 514 513
3 502 515 514
3 491 504 515
3 516 530 504
3 518 532 519
3 520 518 505
3 521 520 507
3 522 521 508
3 523 522 509
3 511 524 523
3 512 525 524
3 513 526 525
3 514 527 526
3 515 528 527
3 504 530 528
3 529 541 530
3 531 544 532
3 533 531 518
3 534 533 520
3 535 534 521
3 523 536 535
3 524 537 536
3 525 538 537
3 526 539 538
3 527 540 539
3 528 552 540
3 541 552 528
3 542 554 541
3 543 557 544
3 545 543 531
3 546 545 533
3 547 546 534
3 536 548 547
3 537 549 548
3 538 550 549
3 539 551 550
3 540 553 551
3 552 565 553
3 554 565 552
3 555 567 554
3 556 570 557
3 558 556 543
3 559 558 545
3 560 559 546
3 548 561 560
3 549 562 561
3 550 563 562
3 551 564 563
3 553 566 564
3 565 579 566
3 567 579 565
3 568 580 567
3 569 583 570
3 571 569 556
3 572 571 558
3 560 573 572
3 561 574 573
3 562 575 574
3 563 576 575
3 564 577 576
3 566 590 577
3 578 590 566
3 580 578 579
3 581 593 580
3 582 596 583
3 584 582 569
3 585 584 571
3 573 586 585
3 574 587 586
3 575 588 587
3 576 589 588
3 577 591 589
3 590 603 591
3 592 603 590
3 593 592 578
3 594 606 593
3 595 609 596
3 597 595 582
3 598 597 584
3 586 599 598
3 587 600 599
3 588 601 600
3 589 602 601
3 591 604 602
3 603 616 604
3 605 616 603
3 606 605 592
3 607 619 606
3 608 622 609
3 610 608 595
3 611 610 597
3 599 612 611
3 600 613 612
3 601 614 613
3 602 615 614
3 604 617 615
3 616 629 617
3 618 629 616
3 619 618 605
3 620 632 619
3 621 635 622
3 623 621 608
3 624 623 610
3 612 625 624
3 613 626 625
3 614 627 626
3 615 628 627
3 617 630 628
3 629 642 630
3 631 642 629
3 632 631 618
3 633 645 632
3 634 648 635
3 636 634 621
3 637 636 623
3 625 638 637
3 626 639 638
3 627 640 639
3 628 641 640
3 630 643 641
3 642 655 643
3 644 655 642
3 645 644 631
3 646 658 645
3 647 661 648
3 649 647 634
3 650 649 636
3 638 651 650
3 639 652 651
3 640 653 652
3 641 654 653
3 643 656 654
3 655 668 656
3 657 668 655
3 658 657 644
3 659 671 658
3 660 674 661
3 662 660 647
3 663 662 649
3 664 663 650
3 652 665 664
3 653 666 665
3 654 667 666
3 656 669 667
3 668 670 669
3 657 682 670
3 671 682 657
3 672 684 671
3 673 687 674
3 675 673 660
3 676 675 662
3 677 676 663
3 665 678 677
3 666 679 678
3 667 680 679
3 669 681 680
3 670 683 681
3 682 695 683
3 684 695 682
3 685 697 684
3 686 700 687
3 688 686 673
3 689 688 675
3 690 689 676
3 678 691 690
3 679 692 691
3 680 693 692
3 681 694 693
3 683 696 694
3 695 708 696
3 697 708 695
3 698 710 697
3 699 713 700
3 701 699 686
3 702 701 688
3 703 702 689
3 691 704 703
3 692 705 704
3 693 706 705
3 694 707 706
3 696 709 707
3 708 721 709
3 710 721 708
3 711 723 710
3 712 726 713
3 714 712 699
3 715 714 701
3 716 715 702
3 704 717 716
3 705 718 717
3 706 719 718
3 707 720 719
3 709 722 720
3 721 734 722
3 723 734 721
3 724 738 723
3 725 740 726
3 727 725 712
3 728 727 714
3 729 728 715
3 730 729 716
3 718 731 730
3 719 732 731
3 720 733 732
3 722 735 733
3 734 736 735
3 723 738 736
3 737 751 738
3 739 753 740
3 741 739 725
3 742 741 727
3 743 742 728
3 744 743 729
3 731 745 744
3 732 746 745
3 733 747 746
3 735 748 747
3 736 749 748
3 738 751 749
3 750 764 751
3 752 766 753
3 754 752 739
3 755 754 741
3 756 755 742
3 757 756 743
3 745 758 757
3 746 759 758
3 747 760 759
3 748 761 760
3 749 762 761
3 751 764 762
3 763 777 764
3 765 779 766
3 767 765 752
3 768 767 754
3 769 768 755
3 770 769 756
3 758 771 770
3 759 772 771
3 760 773 772
3 761 774 773
3 762 775 774
3 764 777 775
3 776 790 777
3 778 792 779
3 780 778 765
3 781 780 767
3 782 781 768
3 783 782 769
3 771 784 783
3 772 785 784
3 773 786 785
3 774 787 786
3 775 788 787
3 777 790 788
3 776 802 789
3 791 805 792
3 793 791 778
3 794 793 780
3 795 794 781
3 796 795 782
3 797 796 783
3 785 798 797
3 786 799 798
3 787 800 799
3 788 801 800
3 790 789 801
3 802 815 803
3 804 818 805
3 806 804 791
3 807 806 793
3 808 807 794
3 809 808 795
3 810 809 796
3 798 811 810
3 799 812 811
3 800 813 812
3 801 814 813
3 789 803 814
3 815 828 816
3 817 831 818
3 819 817 804
3 820 819 806
3 821 820 807
3 822 821 808
3 823 822 809
3 811 824 823
3 812 825 824
3 813 826 825
3 814 827 826
3 803 816 827
3 828 841 829
3 830 844 831
3 832 830 817
3 833 832 819
3 834 833 820
3 835 834 821
3 836 835 822
3 824 837 836
3 825 838 837
3 826 839 838
3 827 840 839
3 816 829 840
3 841 854 842
3 843 857 844
3 845 843 830
3 846 845 832
3 847 846 833
3 848 847 834
3 849 848 835
3 837 850 849
3 838 851 850
3 839 852 851
3 840 853 852
3 829 842 853
3 854 867 855
3 856 870 857
3 858 856 843
3 859 858 845
3 860 859 846
3 861 860 847
3 862 861 848
3 850 863 862
3 851 864 863
3 852 865 864
3 853 866 865
3 842 855 866
3 867 880 868
3 856 882 869
3 871 882 856
3 872 871 858
3 873 872 859
3 874 873 860
3 875 874 861
3 876 875 862
3 864 877 876
3 865 878 877
3 866 879 878
3 855 868 879
3 880 893 881
3 882 884 883
3 871 896 884
3 885 896 871
3 886 885 872
3 887 886 873
3 888 887 874
3 889 888 875
3 890 889 876
3 878 891 890
3 879 892 891
3 868 881 892
3 893 906 894
3 884 897 895
3 896 898 897
3 885 910 898
3 899 910 885
3 900 899 886
3 901 900 887
3 902 901 888
3 903 902 889
3 904 903 890
3 892 905 904
3 881 894 905
3 906 919 907
3 897 909 908
3 898 911 909
3 910 912 911
3 899 924 912
3 913 924 899
3 914 913 900
3 915 914 901
3 916 915 902
3 917 916 903
3 918 917 904
3 894 907 918
3 919 932 920
3 909 922 921
3 911 923 922
3 912 925 923
3 924 937 925
3 926 937 924
3 927 926 913
3 928 927 914
3 929 928 915
3 930 929 916
3 931 930 917
3 907 920 931
3 932 945 933
3 922 935 934
3 923 936 935
3 925 938 936
3 937 939 938
3 926 951 939
3 940 951 926
3 941 940 927
3 942 941 928
3 943 942 929
3 944 943 930
3 933 944 931
3 945 958 946
3 935 948 947
3 936 949 948
3 938 950 949
3 939 952 950
3 951 964 952
3 953 964 951
3 954 953 940
3 955 954 941
3 956 955 942
3 957 956 943
3 946 957 944
3 958 971 959
3 948 961 960
3 949 962 961
3 950 963 962
3 952 965 963
3 964 977 965
3 966 977 964
3 967 966 953
3 968 967 954
3 969 968 955
3 970 969 956
3 959 970 957
3 971 984 972
3 961 974 973
3 962 975 974
3 963 976 975
3 965 978 976
3 977 990 978
3 979 990 977
3 980 979 966
3 981 980 967
3 982 981 968
3 983 982 969
3 972 983 970
3 984 997 985
3 974 987 986
3 975 988 987
3 976 989 988
3 978 991 989
3 990 1003 991
3 992 1003 990
3 993 992 979
3 994 993 980
3 995 994 981
3 996 995 982
3 985 996 983
3 997 1010 998
3 987 1000 999
3 988 1001 1000
3 989 1002 1001
3 991 1004 1002
3 1003 1017 1004
3 1005 1017 1003
3 1006 1005 992
3 1007 1006 993
3 1008 1007 994
3 1009 1008 995
3 998 1009 996
3 1010 1023 1011
3 1000 1013 1012
3 1001 1014 1013
3 1002 1015 1014
3 1004 1028 1015
3 1016 1028 1004
3 1018 1016 1017
3 1019 1018 1005
3 1020 1019 1006
3 1021 1020 1007
3 1022 1021 1008
3 998 1011 1022
3 1023 1036 1024
3 1013 1026 1025
3 1014 1027 1026
3 1015 1029 1027
3 1028 1042 1029
3 1030 1042 1028
3 1031 1030 1016
3 1032 1031 1018
3 1033 1032 1019
3 1034 1033 1020
3 1035 1034 1021
3 1011 1024 1035
3 1036 1049 1037
3 1026 1039 1038
3 1027 1040 1039
3 1029 1054 1040
3 1041 1054 1029
3 1043 1041 1042
3 1044 1043 1030
3 1045 1044 1031
3 1046 1045 1032
3 1047 1046 1033
3 1035 1048 1047
3 1024 1037 1048
3 1049 1062 1050
3 1039 1052 1051
3 1040 1066 1052
3 1053 1066 1040
3 1055 1053 1054
3 1056 1055 1041
3 1057 1056 1043
3 1058 1057 1044
3 1059 1058 1045
3 1047 1060 1059
3 1048 1061 1060
3 1037 1050 1061
3 1062 1075 1063
3 1052 1077 1064
3 1065 1077 1052
3 1067 1065 1066
3 1068 1067 1053
3 1069 1068 1055
3 1070 1069 1056
3 1071 1070 1057
3 1059 1072 1071
3 1060 1073 1072
3 1061 1074 1073
3 1050 1063 1074
3 1075 1088 1076
3 1077 1090 1078
3 1079 1090 1077
3 1080 1079 1065
3 1081 1080 1067
3 1082 1081 1068
3 1083 1082 1069
3 1084 1083 1070
3 1072 1085 1084
3 1073 1086 1085
3 1074 1087 1086
3 1063 1076 1087
3 1088 1101 1089
3 1090 1104 1091
3 1092 1104 1090
3 1093 1092 1079
3 1094 1093 1080
3 1095 1094 1081
3 1096 1095 1082
3 1097 1096 1083
3 1085 1098 1097
3 1086 1099 1098
3 1087 1100 1099
3 1076 1089 1100
3 1101 1114 1102
3 1103 1117 1091
3 1105 1103 1104
3 1106 1105 1092
3 1107 1106 1093
3 1108 1107 1094
3 1109 1108 1095
3 1097 1110 1109
3 1098 1111 1110
3 1099 1112 1111
3 1100 1113 1112
3 1089 1102 1113
3 1114 1127 1115
3 1116 1130 1117
3 1118 1116 1103
3 1119 1118 1105
3 1120 1119 1106
3 1121 1120 1107
3 1122 1121 1108
3 1110 1123 1122
3 1111 1124 1123
3 1112 1125 1124
3 1113 1126 1125
3 1102 1115 1126
3 1127 1140 1128
3 1129 1143 1130
3 1131 1129 1116
3 1132 1131 1118
3 1133 1132 1119
3 1134 1133 1120
3 1135 1134 1121
3 1123 1136 1135
3 1124 1137 1136
3 1125 1138 1137
3 1126 1139 1138
3 1115 1128 1139
3 1140 1153 1141
3 1142 1156 1143
3 1144 1142 1129
3 1145 1144 1131
3 1146 1145 1132
3 1147 1146 1133
3 1148 1147 1134
3 1136 1149 1148
3 1137 1150 1149
3 1138 1151 1150
3 1139 1152 1151
3 1128 1141 1152
3 1153 1166 1154
3 1155 1169 1156
3 1157 1155 1142
3 1158 1157 1144
3 1159 1158 1145
3 1160 1159 1146
3 1161 1160 1147
3 1149 1162 1161
3 1150 1163 1162
3 1151 1164 1163
3 1152 1165 1164
3 1141 1154 1165
3 1166 1179 1167
3 1168 1182 1169
3 1170 1168 1155
3 1171 1170 1157
3 1172 1171 1158
3 1173 1172 1159
3 1174 1173 1160
3 1162 1175 1174
3 1163 1176 1175
3 1164 1177 1176
3 1165 1178 1177
3 1154 1167 1178
3 1179 1192 1180
3 1181 1195 1182
3 1183 1181 1168
3 1184 1183 1170
3 1185 1184 1171
3 1186 1185 1172
3 1187 1186 1173
3 1175 1188 1187
3 1176 1189 1188
3 1177 1190 1189
3 1178 1191 1190
3 1167 1180 1191
3 1192 1205 1193
3 1194 1208 1195
3 1196 1194 1181
3 1197 1196 1183
3 1198 1197 1184
3 1199 1198 1185
3 1200 1199 1186
3 1188 1201 1200
3 1189 1202 1201
3 1190 1203 1202
3 1191 1204 1203
3 1180 1193 1204
3 1205 1218 1206
3 1207 1221 1208
3 1209 1207 1194
3 1210 1209 1196
3 1211 1210 1197
3 1212 1211 1198
3 1213 1212 1199
3 1201 1214 1213
3 1202 1215 1214
3 1203 1216 1215
3 1204 1217 1216
3 1193 1206 1217
3 1218 1231 1219
3 1220 1234 1221
3 1222 1220 1207
3 1223 1222 1209
3 1224 1223 1210
3 1225 1224 1211
3 1226 1225 1212
3 1214 1227 1226
3 1215 1228 1227
3 1216 1229 1228
3 1217 1230 1229
3 1206 1219 1230
3 1231 1244 1232
3 1233 1247 1234
3 1235 1233 1220
3 1236 1235 1222
3 1237 1236 1223
3 1238 1237 1224
3 1239 1238 1225
3 1227 1240 1239
3 1228 1241 1240
3 1229 1242 1241
3 1230 1243 1242
3 1219 1232 1243
3 1244 1257 1245
3 1246 1260 1247
3 1248 1246 1233
3 1249 1248 1235
3 1250 1249 1236
3 1251 1250 1237
3 1252 1251 1238
3 1240 1253 1252
3 1241 1254 1253
3 1242 1255 1254
3 1243 1256 1255
3 1232 1245 1256
3 1257 1270 1258
3 1246 1272 1259
3 1261 1272 1246
3 1262 1261 1248
3 1263 1262 1249
3 1264 1263 1250
3 1265 1264 1251
3 1266 1265 1252
3 1254 1267 1266
3 1255 1268 1267
3 1256 1269 1268
3 1245 1258 1269
3 1270 1283 1271
3 1272 1285 1273
3 1274 1285 1272
3 1275 1274 1261
3 1276 1275 1262
3 1277 1276 1263
3 1278 1277 1264
3 1279 1278 1265
3 1267 1280 1279
3 1268 1281 1280
3 1269 1282 1281
3 1258 1271 1282
3 1283 1296 1284
3 1285 1298 1286
3 1287 1298 1285
3 1288 1287 1274
3 1289 1288 1275
3 1290 1289 1276
3 1291 1290 1277
3 1292 1291 1278
3 1280 1293 1292
3 1281 1294 1293
3 1282 1295 1294
3 1271 1284 1295
3 1296 1309 1297
3 1298 1311 1299
3 1300 1311 1298
3 1301 1300 1287
3 1302 1301 1288
3 1303 1302 1289
3 1304 1303 1290
3 1305 1304 1291
3 1293 1306 1305
3 1294 1307 1306
3 1295 1308 1307
3 1284 1297 1308
3 1309 1322 1310
3 1311 1324 1312
3 1313 1324 1311
3 1314 1313 1300
3 1315 1314 1301
3 1316 1315 1302
3 1317 1316 1303
3 1318 1317 1304
3 1306 1319 1318
3 1307 1320 1319
3 1308 1321 1320
3 1297 1310 1321
3 1322 1335 1323
3 1324 1337 1325
3 1326 1337 1324
3 1327 1326 1313
3 1328 1327 1314
3 1329 1328 1315
3 1330 1329 1316
3 1331 1330 1317
3 1319 1332 1331
3 1320 1333 1332
3 1321 1334 1333
3 1310 1323 1334
3 1335 1348 1336
3 1337 1350 1338
3 1339 1350 1337
3 1340 1339 1326
3 1341 1340 1327
3 1342 1341 1328
3 1343 1342 1329
3 1344 1343 1330
3 1332 1345 1344
3 1333 1346 1345
3 1334 1347 1346
3 1323 1336 1347
3 1348 1361 1349
3 1350 1363 1351
3 1352 1363 1350
3 1353 1352 1339
3 1354 1353 1340
3 1355 1354 1341
3 1356 1355 1342
3 1357 1356 1343
3 1345 1358 1357
3 1346 1359 1358
3 1347 1360 1359
3 1336 1349 1360
3 1361 1374 1362
3 1363 1376 1364
3 1365 1376 1363
3 1366 1365 1352
3 1367 1366 1353
3 1368 1367 1354
3 1369 1368 1355
3 1370 1369 1356
3 1358 1371 1370
3 1359 1372 1371
3 1360 1373 1372
3 1349 1362 1373
3 1374 1387 1375
3 1376 1389 1377
3 1378 1389 1376
3 1379 1378 1365
3 1380 1379 1366
3 1381 1380 1367
3 1382 1381 1368
3 1383 1382 1369
3 1371 1384 1383
3 1372 1385 1384
3 1373 1386 1385
3 1362 1375 1386
3 1387 1400 1388
3 1389 1402 1390
3 1391 1402 1389
3 1392 1391 1378
3 1393 1392 1379
3 1394 1393 1380
3 1395 1394 1381
3 1396 1395 1382
3 1384 1397 1396
3 1385 1398 1397
3 1386 1399 1398
3 1375 1388 1399
3 1400 1413 1401
3 1402 1416 1403
3 1404 1416 1402
3 1405 1404 1391
3 1406 1405 1392
3 1407 1406 1393
3 1408 1407 1394
3 1409 1408 1395
3 1397 1410 1409
3 1398 1411 1410
3 1399 1412 1411
3 1388 1401 1412
3 1413 1426 1414
3 1415 1429 1403
3 1417 1415 1416
3 1418 1417 1404
3 1419 1418 1405
3 1420 1419 1406
3 1421 1420 1407
3 1409 1422 1421
3 1410 1423 1422
3 1411 1424 1423
3 1412 1425 1424
3 1401 1414 1425
3 1426 1439 1427
3 1428 1442 1429
3 1430 1428 1415
3 1431 1430 1417
3 1432 1431 1418
3 1433 1432 1419
3 1434 1433 1420
3 1422 1435 1434
3 1423 1436 1435
3 1424 1437 1436
3 1425 1438 1437
3 1414 1427 1438
3 1439 1452 1440
3 1441 1455 1442
3 1443 1441 1428
3 1444 1443 1430
3 1445 1444 1431
3 1446 1445 1432
3 1434 1447 1446
3 1435 1448 1447
3 1436 1449 1448
3 1437 1450 1449
3 1438 1451 1450
3 1427 1440 1451
3 1452 1466 1453
3 1454 1468 1455
3 1456 1454 1441
3 1457 1456 1443
3 1458 1457 1444
3 1459 1458 1445
3 1447 1460 1459
3 1448 1461 1460
3 1449 1462 1461
3 1450 1463 1462
3 1451 1464 1463
3 1440 1453 1464
3 1465 1477 1453
3 1467 1480 1468
3 1469 1467 1454
3 1470 1469 1456
3 1458 1471 1470
3 1459 1472 1471
3 1460 1473 1472
3 1461 1474 1473
3 1462 1475 1474
3 1463 1488 1475
3 1476 1488 1463
3 1477 1476 1464
3 1478 1490 1477
3 1479 1493 1480
3 1469 1481 1479
3 1470 1482 1481
3 1471 1483 1482
3 1472 1484 1483
3 1473 1485 1484
3 1474 1486 1485
3 1475 1500 1486
3 1487 1500 1475
3 1489 1487 1488
3 1490 1489 1476
3 1491 1503 1490
3 1492 1506 1493
3 1481 1494 1492
3 1482 1495 1494
3 1483 1496 1495
3 1484 1497 1496
3 1485 1498 1497
3 1486 1511 1498
3 1499 1511 1486
3 1501 1499 1500
3 1502 1501 1487
3 1503 1502 1489
3 1504 1516 1503
3 1505 1519 1506
3 1494 1507 1505
3 1495 1508 1507
3 1496 1509 1508
3 1497 1510 1509
3 1498 1512 1510
3 1511 1524 1512
3 1513 1524 1511
3 1514 1513 1499
3 1515 1514 1501
3 1516 1515 1502
3 1517 1529 1516
3 1518 1532 1519
3 1507 1520 1518
3 1508 1521 1520
3 1509 1522 1521
3 1510 1523 1522
3 1512 1525 1523
3 1524 1537 1525
3 1526 1537 1524
3 1527 1526 1513
3 1528 1527 1514
3 1529 1528 1515
3 1530 1542 1529
3 1531 1545 1532
3 1520 1533 1531
3 1521 1534 1533
3 1522 1535 1534
3 1523 1536 1535
3 1525 1538 1536
3 1537 1550 1538
3 1539 1550 1537
3 1540 1539 1526
3 1541 1540 1527
3 1542 1541 1528
3 1543 1555 1542
3 1544 1558 1545
3 1533 1546 1544
3 1534 1547 1546
3 1535 1548 1547
3 1536 1549 1548
3 1538 1551 1549
3 1550 1563 1551
3 1552 1563 1550
3 1553 1552 1539
3 1554 1553 1540
3 1555 1554 1541
3 1556 1568 1555
3 1557 1571 1558
3 1546 1559 1557
3 1547 1560 1559
3 1548 1561 1560
3 1549 1562 1561
3 1551 1564 1562
3 1563 1576 1564
3 1565 1576 1563
3 1566 1565 1552
3 1567 1566 1553
3 1568 1567 1554
3 1569 1581 1568
3 1570 1584 1571
3 1559 1572 1570
3 1560 1573 1572
3 1561 1574 1573
3 1562 1575 1574
3 1564 1577 1575
3 1576 1589 1577
3 1578 1589 1576
3 1579 1578 1565
3 1580 1579 1566
3 1581 1580 1567
3 1582 1594 1581
3 1583 1597 1584
3 1572 1585 1583
3 1573 1586 1585
3 1574 1587 1586
3 1575 1588 1587
3 1577 1590 1588
3 1589 1604 1590
3 1591 1604 1589
3 1592 1591 1578
3 1593 1592 1579
3 1594 1593 1580
3 1595 1608 1594
3 1583 1598 1596
3 1585 1599 1598
3 1586 1600 1599
3 1587 1601 1600
3 1588 1602 1601
3 1590 1615 1602
3 1603 1615 1590
3 1605 1603 1604
3 1606 1605 1591
3 1607 1606 1592
3 1608 1607 1593
3 1609 1621 1608
3 1598 1611 1610
3 1599 1612 1611
3 1600 1613 1612
3 1601 1614 1613
3 1602 1616 1614
3 1615 1628 1616
3 1617 1628 1615
3 1618 1617 1603
3 1619 1618 1605
3 1620 1619 1606
3 1621 1620 1607
3 1622 1634 1621
3 1611 1624 1623
3 1612 1625 1624
3 1613 1626 1625
3 1614 1627 1626
3 1616 1629 1627
3 1628 1641 1629
3 1630 1641 1628
3 1631 1630 1617
3 1632 1631 1618
3 1633 1632 1619
3 1634 1633 1620
3 1635 1647 1634
3 1624 1637 1636
3 1625 1638 1637
3 1626 1639 1638
3 1627 1640 1639
3 1629 1642 1640
3 1641 1655 1642
3 1643 1655 1641
3 1644 1643 1630
3 1645 1644 1631
3 1646 1645 1632
3 1647 1646 1633
3 1635 1660 1648
3 1637 1650 1649
3 1638 1651 1650
3 1639 1652 1651
3 1640 1653 1652
3 1642 1666 1653
3 1654 1666 1642
3 1656 1654 1655
3 1657 1656 1643
3 1658 1657 1644
3 1659 1658 1645
3 1648 1659 1646
3 1660 1673 1661
3 1650 1663 1662
3 1651 1664 1663
3 1652 1665 1664
3 1653 1667 1665
3 1666 1679 1667
3 1668 1679 1666
3 1669 1668 1654
3 1670 1669 1656
3 1671 1670 1657
3 1672 1671 1658
3 1661 1672 1659
3 1673 1686 1674
3 1663 1676 1675
3 1664 1677 1676
3 1665 1678 1677
3 1667 1680 1678
3 1679 1692 1680
3 1681 1692 1679
3 1682 1681 1668
3 1683 1682 1669
3 1684 1683 1670
3 1685 1684 1671
3 1674 1685 1672
3 1686 1699 1687
3 1676 1689 1688
3 1677 1690 1689
3 1678 1691 1690
3 1680 1693 1691
3 1692 1706 1693
3 1694 1706 1692
3 1695 1694 1681
3 1696 1695 1682
3 1697 1696 1683
3 1698 1697 1684
3 1687 1698 1685
3 1699 1712 1700
3 1689 1702 1701
3 1690 1703 1702
3 1691 1704 1703
3 1693 1717 1704
3 1705 1717 1693
3 1707 1705 1706
3 1708 1707 1694
3 1709 1708 1695
3 1710 1709 1696
3 1711 1710 1697
3 1687 1700 1711
3 1712 1725 1713
3 1702 1715 1714
3 1703 1716 1715
3 1704 1718 1716
3 1717 1730 1718
3 1719 1730 1717
3 1720 1719 1705
3 1721 1720 1707
3 1722 1721 1708
3 1723 1722 1709
3 1724 1723 1710
3 1700 1713 1724
3 1725 1738 1726
3 1715 1728 1727
3 1716 1729 1728
3 1718 1731 1729
3 1730 1743 1731
3 1732 1743 1730
3 1733 1732 1719
3 1734 1733 1720
3 1735 1734 1721
3 1736 1735 1722
3 1737 1736 1723
3 1713 1726 1737
3 1738 1751 1739
3 1728 1741 1740
3 1729 1742 1741
3 1731 1744 1742
3 1743 1756 1744
3 1745 1756 1743
3 1746 1745 1732
3 1747 1746 1733
3 1748 1747 1734
3 1749 1748 1735
3 1750 1749 1736
3 1726 1739 1750
3 1751 1764 1752
3 1741 1754 1753
3 1742 1755 1754
3 1744 1757 1755
3 1756 1769 1757
3 1758 1769 1756
3 1759 1758 1745
3 1760 1759 1746
3 1761 1760 1747
3 1762 1761 1748
3 1763 1762 1749
3 1739 1752 1763
3 1764 1777 1765
3 1754 1767 1766
3 1755 1768 1767
3 1757 1770 1768
3 1769 1782 1770
3 1771 1782 1769
3 1772 1771 1758
3 1773 1772 1759
3 1774 1773 1760
3 1775 1774 1761
3 1776 1775 1762
3 1752 1765 1776
3 1777 1790 1778
3 1767 1780 1779
3 1768 1781 1780
3 1770 1783 1781
3 1782 1795 1783
3 1784 1795 1782
3 1785 1784 1771
3 1786 1785 1772
3 1787 1786 1773
3 1788 1787 1774
3 1789 1788 1775
3 1765 1778 1789
3 1790 1803 1791
3 1780 1793 1792
3 1781 1794 1793
3 1783 1796 1794
3 1795 1808 1796
3 1797 1808 1795
3 1798 1797 1784
3 1799 1798 1785
3 1800 1799 1786
3 1801 1800 1787
3 1802 1801 1788
3 1778 1791 1802
3 1803 1816 1804
3 1793 1806 1805
3 1794 1807 1806
3 1796 1809 1807
3 1808 1821 1809
3 1810 1821 1808
3 1811 1810 1797
3 1812 1811 1798
3 1813 1812 1799
3 1814 1813 1800
3 1815 1814 1801
3 1791 1804 1815
3 1816 1829 1817
3 1806 1819 1818
3 1807 1820 1819
3 1809 1822 1820
3 1821 1834 1822
3 1823 1834 1821
3 1824 1823 1810
3 1825 1824 1811
3 1826 1825 1812
3 1827 1826 1813
3 1828 1827 1814
3 1804 1817 1828
3 1829 1842 1830
3 1819 1832 1831
3 1820 1833 1832
3 1822 1835 1833
3 1834 1847 1835
3 1836 1847 1834
3 1837 1836 1823
3 1838 1837 1824
3 1839 1838 1825
3 1840 1839 1826
3 1841 1840 1827
3 1817 1830 1841
3 1842 1855 1843
3 1832 1845 1844
3 1833 1846 1845
3 1835 1848 1846
3 1847 1860 1848
3 1849 1860 1847
3 1850 1849 1836
3 1851 1850 1837
3 1852 1851 1838
3 1853 1852 1839
3 1854 1853 1840
3 1830 1843 1854
3 1855 1869 1856
3 1845 1858 1857
3 1846 1859 1858
3 1848 1861 1859
3 1860 1873 1861
3 1862 1873 1860
3 1863 1862 1849
3 1864 1863 1850
3 1865 1864 1851
3 1866 1865 1852
3 1867 1866 1853
3 1843 1856 1867
3 1868 1881 1856
3 1858 1871 1870
3 1859 1872 1871
3 1861 1874 1872
3 1873 1875 1874
3 1862 1876 1875
3 1863 1887 1876
3 1877 1887 1863
3 1878 1877 1864
3 1879 1878 1865
3 1880 1879 1866
3 1881 1880 1867
3 1882 1893 1881
3 1883 1896 1870
3 1884 1883 1871
3 1874 1885 1884
3 1875 1886 1885
3 1876 1888 1886
3 1887 1889 1888
3 1877 1890 1889
3 1878 1902 1890
3 1891 1902 1878
3 1892 1891 1879
3 1893 1892 1880
3 1894 1906 1893
3 1895 1909 1896
3 1897 1895 1883
3 1898 1897 1884
3 1886 1899 1898
3 1888 1900 1899
3 1889 1901 1900
3 1890 1903 1901
3 1902 1904 1903
3 1891 1916 1904
3 1905 1916 1891
3 1906 1905 1892
3 1907 1919 1906
3 1908 1922 1909
3 1910 1908 1895
3 1911 1910 1897
3 1899 1912 1911
3 1900 1913 1912
3 1901 1914 1913
3 1903 1915 1914
3 1904 1917 1915
3 1916 1929 1917
3 1918 1929 1916
3 1919 1918 1905
3 1920 1932 1919
3 1921 1935 1922
3 1923 1921 1908
3 1924 1923 1910
3 1912 1925 1924
3 1913 1926 1925
3 1914 1927 1926
3 1915 1928 1927
3 1917 1930 1928
3 1929 1942 1930
3 1931 1942 1929
3 1932 1931 1918
3 1933 1945 1932
3 1934 1948 1935
3 1936 1934 1921
3 1937 1936 1923
3 1925 1938 1937
3 1926 1939 1938
3 1927 1940 1939
3 1928 1941 1940
3 1930 1943 1941
3 1942 1955 1943
3 1944 1955 1942
3 1945 1944 1931
3 1946 1958 1945
3 1947 1961 1948
3 1949 1947 1934
3 1950 1949 1936
3 1938 1951 1950
3 1939 1952 1951
3 1940 1953 1952
3 1941 1954 1953
3 1943 1956 1954
3 1955 1968 1956
3 1957 1968 1955
3 1958 1957 1944
3 1959 1971 1958
3 1960 1974 1961
3 1962 1960 1947
3 1963 1962 1949
3 1951 1964 1963
3 1952 1965 1964
3 1953 1966 1965
3 1954 1967 1966
3 1956 1969 1967
3 1968 1981 1969
3 1970 1981 1968
3 1971 1970 1957
3 1972 1984 1971
3 1973 1987 1974
3 1975 1973 1960
3 1976 1975 1962
3 1964 1977 1976
3 1965 1978 1977
3 1966 1979 1978
3 1967 1980 1979
3 1969 1982 1980
3 1981 1994 1982
3 1983 1994 1981
3 1984 1983 1970
3 1985 1997 1984
3 1986 2000 1987
3 1988 1986 1973
3 1989 1988 1975
3 1977 1990 1989
3 1978 1991 1990
3 1979 1992 1991
3 1980 1993 1992
3 1982 1995 1993
3 1994 2007 1995
3 1996 2007 1994
3 1997 1996 1983
3 1998 2010 1997
3 1999 2013 2000
3 2001 1999 1986
3 2002 2001 1988
3 1990 2003 2002
3 1991 2004 2003
3 1992 2005 2004
3 1993 2006 2005
3 1995 2008 2006
3 2007 2020 2008
3 2009 2020 2007
3 2010 2009 1996
3 2011 2023 2010
3 2012 2026 2013
3 2014 2012 1999
3 2015 2014 2001
3 2003 2016 2015
3 2004 2017 2016
3 2005 2018 2017
3 2006 2019 2018
3 2008 2021 2019
3 2020 2033 2021
3 2022 2033 2020
3 2023 2022 2009
3 2024 2036 2023
3 2025 2039 2026
3 2027 2025 2012
3 2028 2027 2014
3 2029 2028 2015
3 2017 2030 2029
3 2018 2031 2030
3 2019 2032 2031
3 2021 2034 2032
3 2033 2035 2034
3 2022 2048 2035
3 2036 2048 2022
3 2024 2050 2037
3 2025 2040 2038
3 2027 2041 2040
3 2028 2054 2041
3 2042 2054 2028
3 2043 2042 2029
3 2044 2043 2030
3 2045 2044 2031
3 2046 2045 2032
3 2047 2046 2034
3 2048 2049 2047
3 2036 2037 2049
3 2050 2063 2051
3 2040 2053 2052
3 2041 2055 2053
3 2054 2067 2055
3 2056 2067 2054
3 2057 2056 2042
3 2058 2057 2043
3 2059 2058 2044
3 2060 2059 2045
3 2061 2060 2046
3 2049 2062 2061
3 2037 2051 2062
3 2063 2076 2064
3 2053 2066 2065
3 2055 2068 2066
3 2067 2080 2068
3 2069 2080 2067
3 2070 2069 2056
3 2071 2070 2057
3 2072 2071 2058
3 2073 2072 2059
3 2074 2073 2060
3 2062 2075 2074
3 2051 2064 2075
3 2076 2089 2077
3 2066 2079 2078
3 2068 2081 2079
3 2080 2093 2081
3 2082 2093 2080
3 2083 2082 2069
3 2084 2083 2070
3 2085 2084 2071
3 2086 2085 2072
3 2087 2086 2073
3 2075 2088 2087
3 2064 2077 2088
3 2089 2102 2090
3 2079 2092 2091
3 2081 2094 2092
3 2093 2106 2094
3 2095 2106 2093
3 2096 2095 2082
3 2097 2096 2083
3 2098 2097 2084
3 2099 2098 2085
3 2100 2099 2086
3 2088 2101 2100
3 2077 2090 2101
3 2102 2115 2103
3 2092 2105 2104
3 2094 2107 2105
3 2106 2119 2107
3 2108 2119 2106
3 2109 2108 2095
3 2110 2109 2096
3 2111 2110 2097
3 2112 2111 2098
3 2113 2112 2099
3 2101 2114 2113
3 2090 2103 2114
3 2115 2128 2116
3 2105 2118 2117
3 2107 2120 2118
3 2119 2132 2120
3 2121 2132 2119
3 2122 2121 2108
3 2123 2122 2109
3 2124 2123 2110
3 2125 2124 2111
3 2126 2125 2112
3 2114 2127 2126
3 2103 2116 2127
3 2128 2141 2129
3 2118 2131 2130
3 2120 2133 2131
3 2132 2145 2133
3 2134 2145 2132
3 2135 2134 2121
3 2136 2135 2122
3 2137 2136 2123
3 2138 2137 2124
3 2139 2138 2125
3 2127 2140 2139
3 2116 2129 2140
3 2141 2154 2142
3 2131 2144 2143
3 2133 2146 2144
3 2145 2158 2146
3 2147 2158 2145
3 2148 2147 2134
3 2149 2148 2135
3 2150 2149 2136
3 2151 2150 2137
3 2152 2151 2138
3 2140 2153 2152
3 2129 2142 2153
3 2154 2167 2155
3 2144 2157 2156
3 2146 2159 2157
3 2158 2171 2159
3 2160 2171 2158
3 2161 2160 2147
3 2162 2161 2148
3 2163 2162 2149
3 2164 2163 2150
3 2165 2164 2151
3 2153 2166 2165
3 2142 2155 2166
3 2167 2180 2168
3 2157 2170 2169
3 2159 2172 2170
3 2171 2173 2172
3 2160 2185 2173
3 2174 2185 2160
3 2175 2174 2161
3 2176 2175 2162
3 2177 2176 2163
3 2178 2177 2164
3 2179 2178 2165
3 2155 2168 2179
3 2180 2194 2181
3 2170 2183 2182
3 2172 2184 2183
3 2173 2186 2184
3 2185 2198 2186
3 2187 2198 2185
3 2188 2187 2174
3 2189 2188 2175
3 2190 2189 2176
3 2191 2190 2177
3 2192 2191 2178
3 2168 2181 2192
3 2193 2206 2181
3 2183 2196 2195
3 2184 2197 2196
3 2186 2199 2197
3 2198 2200 2199
3 2187 2201 2200
3 2188 2212 2201
3 2202 2212 2188
3 2203 2202 2189
3 2204 2203 2190
3 2205 2204 2191
3 2206 2205 2192
3 2207 2218 2206
3 2208 2221 2195
3 2197 2209 2208
3 2199 2210 2209
3 2200 2211 2210
3 2201 2213 2211
3 2212 2214 2213
3 2202 2226 2214
3 2215 2226 2202
3 2216 2215 2203
3 2217 2216 2204
3 2218 2217 2205
3 2219 2231 2218
3 2220 2234 2221
3 2222 2220 2208
3 2210 2223 2222
3 2211 2224 2223
3 2213 2225 2224
3 2214 2227 2225
3 2226 2228 2227
3 2215 2240 2228
3 2229 2240 2215
3 2230 2229 2216
3 2231 2230 2217
3 2232 2244 2231
3 2233 2247 2234
3 2235 2233 2220
3 2223 2236 2235
3 2224 2237 2236
3 2225 2238 2237
3 2227 2239 2238
3 2228 2241 2239
3 2240 2253 2241
3 2242 2253 2240
3 2243 2242 2229
3 2244 2243 2230
3 2245 2257 2244
3 2246 2260 2247
3 2248 2246 2233
3 2236 2249 2248
3 2237 2250 2249
3 2238 2251 2250
3 2239 2252 2251
3 2241 2254 2252
3 2253 2266 2254
3 2255 2266 2253
3 2256 2255 2242
3 2257 2256 2243
3 2258 2270 2257
3 2259 2273 2260
3 2261 2259 2246
3 2249 2262 2261
3 2250 2263 2262
3 2251 2264 2263
3 2252 2265 2264
3 2254 2267 2265
3 2266 2279 2267
3 2268 2279 2266
3 2269 2268 2255
3 2270 2269 2256
3 2271 2283 2270
3 2272 2286 2273
3 2274 2272 2259
3 2262 2275 2274
3 2263 2276 2275
3 2264 2277 2276
3 2265 2278 2277
3 2267 2280 2278
3 2279 2292 2280
3 2281 2292 2279
3 2282 2281 2268
3 2283 2282 2269
3 2284 2296 2283
3 2285 2299 2286
3 2287 2285 2272
3 2275 2288 2287
3 2276 2289 2288
3 2277 2290 2289
3 2278 2291 2290
3 2280 2293 2291
3 2292 2305 2293
3 2294 2305 2292
3 2295 2294 2281
3 2296 2295 2282
3 2297 2309 2296
3 2298 2312 2299
3 2300 2298 2285
3 2288 2301 2300
3 2289 2302 2301
3 2290 2303 2302
3 2291 2304 2303
3 2293 2306 2304
3 2305 2318 2306
3 2307 2318 2305
3 2308 2307 2294
3 2309 2308 2295
3 2310 2322 2309
3 2311 2325 2312
3 2313 2311 2298
3 2301 2314 2313
3 2302 2315 2314
3 2303 2316 2315
3 2304 2317 2316
3 2306 2319 2317
3 2318 2331 2319
3 2320 2331 2318
3 2321 2320 2307
3 2322 2321 2308
3 2323 2335 2322
3 2324 2338 2325
3 2326 2324 2311
3 2314 2327 2326
3 2315 2328 2327
3 2316 2329 2328
3 2317 2330 2329
3 2319 2332 2330
3 2331 2345 2332
3 2333 2345 2331
3 2334 2333 2320
3 2335 2334 2321
3 2336 2348 2335
3 2337 2351 2338
3 2326 2339 2337
3 2327 2340 2339
3 2328 2341 2340
3 2329 2342 2341
3 2330 2343 2342
3 2332 2358 2343
3 2344 2358 2332
3 2346 2344 2345
3 2347 2346 2333
3 2348 2347 2334
3 2349 2362 2348
3 2337 2352 2350
3 2339 2353 2352
3 2340 2354 2353
3 2341 2355 2354
3 2342 2356 2355
3 2343 2369 2356
3 2357 2369 2343
3 2359 2357 2358
3 2360 2359 2344
3 2361 2360 2346
3 2362 2361 2347
3 2363 2375 2362
3 2352 2365 2364
3 2353 2366 2365
3 2354 2367 2366
3 2355 2368 2367
3 2356 2370 2368
3 2369 2382 2370
3 2371 2382 2369
3 2372 2371 2357
3 2373 2372 2359
3 2374 2373 2360
3 2375 2374 2361
3 2376 2388 2375
3 2365 2378 2377
3 2366 2379 2378
3 2367 2380 2379
3 2368 2381 2380
3 2370 2383 2381
3 2382 2395 2383
3 2384 2395 2382
3 2385 2384 2371
3 2386 2385 2372
3 2387 2386 2373
3 2388 2387 2374
3 2389 2401 2388
3 2378 2391 2390
3 2379 2392 2391
3 2380 2393 2392
3 2381 2394 2393
3 2383 2396 2394
3 2395 2409 2396
3 2397 2409 2395
3 2398 2397 2384
3 2399 2398 2385
3 2400 2399 2386
3 2401 2400 2387
3 2389 2414 2402
3 2391 2404 2403
3 2392 2405 2404
3 2393 2406 2405
3 2394 2407 2406
3 2396 2420 2407
3 2408 2420 2396
3 2410 2408 2409
3 2411 2410 2397
3 2412 2411 2398
3 2413 2412 2399
3 2402 2413 2400
3 2414 2427 2415
3 2404 2417 2416
3 2405 2418 2417
3 2406 2419 2418
3 2407 2421 2419
3 2420 2433 2421
3 2422 2433 2420
3 2423 2422 2408
3 2424 2423 2410
3 2425 2424 2411
3 2426 2425 2412
3 2415 2426 2413
3 2427 2440 2428
3 2417 2430 2429
3 2418 2431 2430
3 2419 2432 2431
3 2421 2434 2432
3 2433 2447 2434
3 2435 2447 2433
3 2436 2435 2422
3 2437 2436 2423
3 2438 2437 2424
3 2439 2438 2425
3 2428 2439 2426
3 2440 2453 2441
3 2430 2443 2442
3 2431 2444 2443
3 2432 2445 2444
3 2434 2459 2445
3 2446 2459 2434
3 2448 2446 2447
3 2449 2448 2435
3 2450 2449 2436
3 2451 2450 2437
3 2452 2451 2438
3 2428 2441 2452
3 2453 2466 2454
3 2443 2456 2455
3 2444 2457 2456
3 2445 2471 2457
3 2458 2471 2445
3 2460 2458 2459
3 2461 2460 2446
3 2462 2461 2448
3 2463 2462 2449
3 2464 2463 2450
3 2452 2465 2464
3 2441 2454 2465
3 2466 2479 2467
3 2456 2481 2468
3 2469 2481 2456
3 2470 2469 2457
3 2472 2470 2471
3 2473 2472 2458
3 2474 2473 2460
3 2475 2474 2461
3 2463 2476 2475
3 2464 2477 2476
3 2465 2478 2477
3 2454 2467 2478
3 2479 2492 2480
3 2481 2495 2482
3 2483 2495 2481
3 2484 2483 2469
3 2485 2484 2470
3 2486 2485 2472
3 2487 2486 2473
3 2488 2487 2474
3 2476 2489 2488
3 2477 2490 2489
3 2478 2491 2490
3 2467 2480 2491
3 2492 2505 2493
3 2494 2508 2482
3 2496 2494 2495
3 2497 2496 2483
3 2498 2497 2484
3 2499 2498 2485
3 2500 2499 2486
3 2488 2501 2500
3 2489 2502 2501
3 2490 2503 2502
3 2491 2504 2503
3 2480 2493 2504
3 2505 2518 2506
3 2507 2519 2508
3 2509 2507 2494
3 2510 2509 2496
3 2511 2510 2497
3 2512 2511 2498
3 2513 2512 2499
3 2501 2514 2513
3 2502 2515 2514
3 2503 2516 2515
3 2504 2517 2516
3 2493 2506 2517
